shipment_id,inspection_date,passed,defect_rate
1,2024-09-23,False,0.247
2,2024-09-24,True,0.062
3,2024-11-19,True,0.002
4,2024-09-16,False,0.135
5,2024-08-04,True,0.0
6,2024-08-05,True,0.0
7,2024-02-26,False,0.282
8,2024-11-04,False,0.228
9,2024-10-11,False,0.111
10,2024-09-24,True,0.0
11,2024-09-06,False,0.208
12,2024-05-03,False,0.115
13,2024-01-19,False,0.161
14,2024-07-12,True,0.044
15,2024-10-04,False,0.244
16,2024-04-27,True,0.087
17,2024-11-22,True,0.049
18,2024-09-14,False,0.166
19,2024-06-25,False,0.158
20,2024-10-19,False,0.218
21,2024-10-28,False,0.231
22,2024-01-08,False,0.121
23,2024-11-02,True,0.0
24,2024-11-22,False,0.125
25,2024-04-22,False,0.252
26,2024-10-12,False,0.249
27,2024-06-20,False,0.208
28,2024-06-13,False,0.216
29,2024-03-25,False,0.359
30,2024-04-26,True,0.051
31,2024-08-13,False,0.211
32,2024-01-28,False,0.206
33,2024-03-22,True,0.072
34,2024-04-18,False,0.237
35,2024-08-25,True,0.079
36,2024-07-30,True,0.085
37,2024-05-23,False,0.101
38,2024-05-16,True,0.025
39,2024-02-05,False,0.135
40,2024-06-12,True,0.062
41,2024-08-08,True,0.069
42,2024-12-31,False,0.14
43,2024-12-10,False,0.137
44,2024-03-08,False,0.112
45,2024-02-14,False,0.238
46,2024-02-26,True,0.072
47,2024-06-25,False,0.182
48,2024-03-15,False,0.173
49,2024-09-13,False,0.141
50,2024-04-24,True,0.07
51,2024-03-23,False,0.19
52,2024-12-19,False,0.171
53,2024-06-28,False,0.331
54,2024-12-01,False,0.127
55,2024-05-01,False,0.223
56,2024-05-05,False,0.33
57,2024-04-13,False,0.197
58,2024-11-02,True,0.079
59,2024-04-11,False,0.273
60,2024-12-26,True,0.074
61,2024-12-14,False,0.241
62,2024-04-01,False,0.118
63,2024-05-16,False,0.221
64,2024-04-14,False,0.248
65,2024-11-22,False,0.202
66,2024-06-29,True,0.045
67,2024-02-02,False,0.294
68,2024-11-03,False,0.24
69,2024-10-01,True,0.022
70,2024-01-04,True,0.083
71,2024-07-17,False,0.156
72,2024-03-27,False,0.198
73,2024-06-16,False,0.137
74,2024-08-19,True,0.032
75,2024-05-09,False,0.181
76,2024-12-17,False,0.285
77,2024-08-11,True,0.043
78,2024-05-22,True,0.0
79,2024-11-08,False,0.167
80,2024-01-10,False,0.168
81,2024-10-19,True,0.081
82,2024-07-21,False,0.241
83,2024-05-25,True,0.074
84,2024-11-28,True,0.0
85,2024-06-24,False,0.17
86,2024-07-16,True,0.089
87,2024-11-30,True,0.096
88,2024-01-31,False,0.298
89,2024-11-18,False,0.216
90,2024-03-01,False,0.121
91,2024-09-15,True,0.0
92,2024-11-10,True,0.069
93,2024-12-31,True,0.046
94,2024-04-18,False,0.192
95,2024-01-31,True,0.067
96,2024-05-03,True,0.072
97,2024-05-01,False,0.108
98,2024-04-09,False,0.126
99,2024-07-06,True,0.052
100,2024-11-10,False,0.151
101,2024-04-16,False,0.203
102,2024-12-26,False,0.238
103,2024-03-31,False,0.21
104,2024-10-12,False,0.151
105,2024-01-19,False,0.213
106,2024-10-21,False,0.222
107,2024-02-25,False,0.128
108,2024-06-03,True,0.057
109,2024-07-20,False,0.116
110,2024-02-14,False,0.11
111,2024-02-29,False,0.167
112,2024-03-15,False,0.167
113,2024-08-02,False,0.126
114,2024-05-27,False,0.323
115,2024-05-22,False,0.189
116,2024-04-24,False,0.376
117,2024-06-02,False,0.196
118,2024-01-16,False,0.219
119,2024-04-23,False,0.159
120,2024-11-14,False,0.31
121,2024-12-21,False,0.165
122,2024-02-16,True,0.0
123,2024-10-07,False,0.237
124,2024-02-10,False,0.101
125,2024-08-15,False,0.187
126,2024-05-21,True,0.054
127,2024-04-22,False,0.187
128,2024-05-17,True,0.0
129,2024-04-06,False,0.299
130,2024-04-06,False,0.213
131,2024-10-16,False,0.173
132,2024-05-30,False,0.136
133,2024-08-14,True,0.016
134,2024-04-29,False,0.151
135,2024-05-31,True,0.092
136,2024-12-15,False,0.238
137,2024-02-21,False,0.231
138,2024-06-25,True,0.086
139,2024-08-18,True,0.013
140,2024-05-30,False,0.223
141,2024-10-25,False,0.289
142,2024-11-18,False,0.128
143,2024-07-19,False,0.29
144,2024-09-13,False,0.242
145,2024-03-01,False,0.187
146,2024-01-09,False,0.229
147,2024-03-18,False,0.195
148,2024-06-15,False,0.144
149,2024-03-31,True,0.0
150,2024-07-25,False,0.244
151,2024-05-19,False,0.154
152,2024-07-14,False,0.183
153,2024-09-12,True,0.0
154,2024-01-11,False,0.184
155,2024-09-16,False,0.114
156,2024-06-21,True,0.074
157,2024-10-30,True,0.097
158,2024-07-12,True,0.07
159,2024-08-11,False,0.205
160,2024-08-19,False,0.165
161,2024-05-30,False,0.31
162,2024-11-24,False,0.18
163,2024-08-20,True,0.069
164,2024-07-08,False,0.25
165,2024-03-04,False,0.178
166,2024-01-20,False,0.15
167,2024-11-15,True,0.054
168,2024-02-13,False,0.188
169,2024-09-05,False,0.133
170,2024-08-27,False,0.305
171,2024-05-06,False,0.228
172,2024-12-03,False,0.136
173,2024-12-25,False,0.18
174,2024-02-14,True,0.045
175,2024-03-16,False,0.14
176,2024-02-19,False,0.259
177,2024-03-05,False,0.137
178,2024-10-03,False,0.198
179,2024-07-27,False,0.339
180,2024-01-28,False,0.153
181,2024-07-05,True,0.089
182,2024-04-29,True,0.0
183,2024-04-27,True,0.013
184,2024-11-28,False,0.275
185,2024-06-07,False,0.247
186,2024-06-13,False,0.143
187,2024-06-16,False,0.125
188,2024-11-27,True,0.019
189,2025-01-01,False,0.178
190,2024-06-12,False,0.306
191,2024-03-24,False,0.189
192,2024-04-18,False,0.303
193,2024-09-01,True,0.004
194,2024-01-27,False,0.176
195,2024-01-27,False,0.339
196,2024-02-10,False,0.134
197,2024-07-18,False,0.233
198,2024-08-06,False,0.187
199,2024-11-13,True,0.081
200,2024-05-24,False,0.245
201,2024-07-31,False,0.306
202,2024-04-18,False,0.227
203,2024-01-29,False,0.293
204,2024-04-26,True,0.025
205,2024-06-07,False,0.34
206,2024-09-13,False,0.2
207,2024-09-06,False,0.225
208,2024-06-13,False,0.164
209,2024-08-18,False,0.262
210,2024-10-02,True,0.004
211,2024-07-30,True,0.05
212,2024-12-28,False,0.263
213,2024-11-20,False,0.156
214,2024-03-01,False,0.309
215,2024-06-19,False,0.177
216,2024-07-09,True,0.093
217,2024-11-30,False,0.254
218,2024-01-30,False,0.201
219,2024-03-18,False,0.14
220,2024-06-25,False,0.199
221,2024-12-29,False,0.171
222,2024-03-07,False,0.247
223,2024-06-13,False,0.102
224,2024-02-04,True,0.008
225,2024-11-16,False,0.189
226,2024-07-02,False,0.17
227,2024-04-25,False,0.202
228,2024-01-24,True,0.082
229,2024-11-20,False,0.124
230,2024-06-02,True,0.037
231,2024-12-28,False,0.15
232,2024-08-16,True,0.0
233,2024-03-24,False,0.278
234,2024-10-14,False,0.112
235,2024-03-24,False,0.127
236,2024-03-17,False,0.106
237,2024-09-15,False,0.253
238,2024-05-13,False,0.18
239,2024-05-25,False,0.151
240,2024-10-01,False,0.224
241,2024-04-08,False,0.219
242,2024-11-14,False,0.231
243,2024-05-03,False,0.218
244,2024-09-18,True,0.094
245,2024-04-03,False,0.172
246,2024-03-29,False,0.3
247,2024-11-26,False,0.185
248,2024-02-16,False,0.376
249,2024-02-23,False,0.157
250,2024-07-19,False,0.19
251,2024-02-27,False,0.106
252,2024-05-09,False,0.26
253,2024-06-27,False,0.286
254,2024-07-15,True,0.077
255,2024-09-16,False,0.204
256,2024-12-21,False,0.102
257,2024-08-27,True,0.071
258,2024-12-23,False,0.214
259,2024-10-25,False,0.138
260,2024-07-21,False,0.309
261,2024-11-04,False,0.213
262,2024-08-25,False,0.239
263,2024-11-07,False,0.203
264,2024-07-26,True,0.0
265,2024-07-10,False,0.17
266,2024-02-28,False,0.219
267,2024-06-09,False,0.267
268,2024-02-09,True,0.068
269,2024-08-01,False,0.175
270,2024-05-17,False,0.192
271,2024-06-08,False,0.186
272,2024-10-18,False,0.142
273,2024-07-31,False,0.224
274,2024-09-22,False,0.24
275,2024-08-13,False,0.125
276,2024-05-05,True,0.094
277,2024-04-25,True,0.086
278,2024-12-26,False,0.314
279,2024-07-15,False,0.212
280,2024-02-25,True,0.095
281,2024-12-27,False,0.164
282,2024-11-05,False,0.182
283,2024-07-16,True,0.053
284,2024-02-03,False,0.105
285,2024-05-20,False,0.173
286,2024-06-19,False,0.124
287,2024-06-01,False,0.278
288,2024-04-19,True,0.093
289,2024-02-11,True,0.071
290,2024-01-16,False,0.248
291,2024-08-27,False,0.134
292,2024-04-08,False,0.213
293,2024-11-02,False,0.191
294,2024-02-01,True,0.0
295,2024-12-09,False,0.145
296,2024-07-24,False,0.243
297,2024-08-30,False,0.135
298,2024-03-13,False,0.158
299,2024-04-26,False,0.251
300,2024-07-04,False,0.276
301,2024-11-11,False,0.146
302,2024-12-25,True,0.009
303,2024-06-25,False,0.107
304,2024-01-12,False,0.281
305,2024-02-06,True,0.047
306,2024-04-04,False,0.21
307,2024-10-19,True,0.049
308,2024-04-19,False,0.255
309,2024-03-10,False,0.213
310,2024-02-26,False,0.331
311,2024-04-18,False,0.248
312,2024-11-02,False,0.195
313,2024-06-09,False,0.113
314,2024-05-12,False,0.286
315,2024-05-09,True,0.099
316,2024-05-12,True,0.083
317,2024-06-22,True,0.064
318,2024-12-17,True,0.024
319,2024-10-09,False,0.136
320,2024-08-12,False,0.188
321,2024-12-26,False,0.208
322,2024-04-02,True,0.046
323,2024-02-01,False,0.126
324,2024-03-23,False,0.148
325,2024-12-30,True,0.0
326,2024-02-24,False,0.266
327,2024-10-12,False,0.244
328,2024-11-24,False,0.154
329,2024-12-28,False,0.196
330,2024-10-06,True,0.069
331,2024-02-01,False,0.113
332,2024-09-08,False,0.234
333,2024-03-10,False,0.218
334,2024-10-29,False,0.195
335,2024-08-14,True,0.099
336,2024-05-05,False,0.183
337,2024-02-01,False,0.179
338,2024-05-31,False,0.154
339,2024-04-13,False,0.153
340,2024-10-18,True,0.092
341,2024-04-07,True,0.0
342,2024-07-19,False,0.293
343,2024-07-31,False,0.118
344,2024-10-21,False,0.264
345,2024-08-23,True,0.091
346,2024-04-30,True,0.015
347,2024-08-13,False,0.118
348,2024-08-06,False,0.236
349,2024-03-03,True,0.053
350,2024-08-15,False,0.336
351,2024-01-18,False,0.195
352,2024-03-11,False,0.293
353,2024-10-09,True,0.036
354,2024-05-26,False,0.152
355,2024-12-02,False,0.27
356,2024-10-17,False,0.218
357,2024-03-18,True,0.066
358,2024-09-30,False,0.191
359,2024-08-02,False,0.201
360,2024-06-14,False,0.106
361,2024-07-05,False,0.273
362,2024-01-10,False,0.21
363,2024-01-07,False,0.253
364,2024-01-11,True,0.0
365,2024-03-23,False,0.289
366,2024-04-08,False,0.223
367,2024-08-17,True,0.076
368,2024-12-12,False,0.104
369,2024-04-14,True,0.064
370,2024-09-01,False,0.297
371,2024-07-18,False,0.233
372,2024-07-13,False,0.141
373,2024-10-31,False,0.176
374,2024-02-23,False,0.208
375,2024-06-09,True,0.0
376,2024-12-17,True,0.042
377,2024-03-28,False,0.149
378,2024-08-11,False,0.155
379,2024-03-28,False,0.182
380,2024-08-20,False,0.204
381,2024-09-22,True,0.0
382,2024-09-09,False,0.176
383,2024-09-11,False,0.224
384,2024-06-08,False,0.232
385,2024-07-25,False,0.179
386,2024-08-23,False,0.177
387,2024-10-19,True,0.019
388,2024-09-18,False,0.13
389,2024-08-28,False,0.229
390,2024-07-16,True,0.048
391,2024-12-31,True,0.0
392,2024-12-14,False,0.222
393,2024-05-06,False,0.184
394,2024-09-30,False,0.234
395,2024-07-20,True,0.0
396,2024-04-04,False,0.118
397,2024-11-28,False,0.18
398,2024-09-22,True,0.0
399,2024-06-25,False,0.108
400,2024-11-10,True,0.1
401,2024-04-04,False,0.263
402,2024-11-26,False,0.22
403,2024-12-08,False,0.31
404,2024-01-30,True,0.041
405,2024-05-10,False,0.284
406,2024-01-12,False,0.248
407,2024-10-01,False,0.161
408,2024-09-17,False,0.276
409,2024-06-21,False,0.25
410,2024-01-06,False,0.109
411,2024-05-12,False,0.212
412,2024-01-12,False,0.105
413,2024-05-22,True,0.098
414,2024-11-15,True,0.09
415,2024-09-14,True,0.0
416,2024-11-19,False,0.127
417,2024-07-12,False,0.194
418,2024-06-06,False,0.182
419,2024-01-13,False,0.166
420,2024-09-25,False,0.269
421,2024-04-26,False,0.276
422,2024-04-22,False,0.146
423,2024-04-18,False,0.213
424,2024-09-15,False,0.167
425,2024-03-16,False,0.158
426,2024-04-16,False,0.303
427,2024-06-22,False,0.176
428,2024-03-12,False,0.256
429,2024-03-15,True,0.075
430,2024-11-07,False,0.185
431,2024-03-03,False,0.34
432,2025-01-02,False,0.19
433,2024-10-26,True,0.085
434,2024-08-17,True,0.098
435,2024-05-08,False,0.133
436,2024-05-13,False,0.245
437,2024-12-01,False,0.284
438,2024-02-16,False,0.172
439,2024-01-03,False,0.159
440,2024-09-14,False,0.216
441,2024-10-25,False,0.164
442,2024-07-04,False,0.188
443,2024-04-30,False,0.105
444,2024-10-01,False,0.392
445,2024-03-15,False,0.253
446,2024-03-20,True,0.047
447,2024-08-29,False,0.301
448,2024-09-10,False,0.407
449,2024-11-07,True,0.079
450,2024-06-14,False,0.239
451,2024-05-15,True,0.025
452,2024-02-02,True,0.044
453,2024-07-09,True,0.088
454,2024-03-13,True,0.078
455,2024-10-22,False,0.178
456,2024-07-05,False,0.209
457,2024-03-07,True,0.047
458,2024-12-06,False,0.137
459,2024-04-25,False,0.135
460,2024-06-02,False,0.101
461,2024-11-25,False,0.267
462,2024-02-03,False,0.274
463,2024-06-07,False,0.222
464,2024-10-02,False,0.319
465,2024-08-30,True,0.003
466,2024-11-04,False,0.11
467,2024-03-26,False,0.168
468,2024-08-18,False,0.175
469,2024-01-16,True,0.0
470,2024-08-26,False,0.282
471,2024-10-31,False,0.235
472,2024-12-20,True,0.083
473,2024-06-05,False,0.179
474,2024-05-03,False,0.219
475,2024-07-30,False,0.116
476,2024-08-21,False,0.217
477,2024-05-20,False,0.332
478,2024-07-24,False,0.227
479,2024-07-10,True,0.029
480,2024-04-21,False,0.171
481,2024-03-06,True,0.062
482,2024-05-23,False,0.175
483,2025-01-03,False,0.215
484,2024-03-25,False,0.216
485,2024-07-08,False,0.125
486,2024-11-03,True,0.047
487,2024-10-28,False,0.207
488,2024-05-13,True,0.091
489,2024-01-24,True,0.099
490,2024-02-10,False,0.195
491,2024-08-19,False,0.141
492,2024-12-12,False,0.2
493,2024-12-18,False,0.142
494,2024-01-20,True,0.043
495,2024-03-27,False,0.186
496,2024-10-21,False,0.131
497,2025-01-02,False,0.264
498,2024-09-23,False,0.139
499,2024-08-01,True,0.073
500,2024-05-20,True,0.085
501,2024-06-01,False,0.159
502,2024-09-15,False,0.138
503,2024-09-18,False,0.211
504,2024-08-18,False,0.354
505,2024-11-17,False,0.109
506,2024-05-11,True,0.059
507,2024-03-04,True,0.0
508,2024-06-25,False,0.109
509,2024-10-05,False,0.341
510,2024-03-24,True,0.035
511,2024-06-24,False,0.252
512,2024-11-06,False,0.163
513,2024-06-01,False,0.1
514,2024-12-16,False,0.152
515,2024-08-17,False,0.252
516,2024-10-21,False,0.165
517,2024-02-09,True,0.079
518,2024-11-01,True,0.043
519,2025-01-01,True,0.097
520,2024-04-20,False,0.141
521,2024-09-30,True,0.0
522,2024-05-14,True,0.008
523,2024-01-19,False,0.32
524,2024-09-24,True,0.096
525,2024-09-14,False,0.183
526,2024-09-30,False,0.215
527,2024-09-12,False,0.237
528,2024-05-09,False,0.12
529,2024-01-08,False,0.185
530,2024-11-17,False,0.244
531,2024-12-17,False,0.3
532,2024-05-10,False,0.113
533,2024-10-16,False,0.319
534,2024-10-28,True,0.035
535,2024-07-01,False,0.103
536,2024-11-30,True,0.004
537,2024-03-19,False,0.329
538,2024-08-04,False,0.342
539,2025-01-01,False,0.253
540,2024-03-03,False,0.205
541,2024-06-10,True,0.046
542,2024-09-29,False,0.192
543,2024-04-11,False,0.24
544,2024-08-05,False,0.291
545,2024-09-15,False,0.104
546,2024-04-19,False,0.247
547,2024-01-06,False,0.153
548,2024-03-20,False,0.16
549,2024-12-14,False,0.21
550,2024-06-15,False,0.223
551,2024-06-18,False,0.123
552,2024-03-12,True,0.069
553,2024-10-29,False,0.253
554,2024-08-04,True,0.086
555,2024-12-08,False,0.193
556,2024-04-28,False,0.121
557,2024-06-30,True,0.0
558,2024-03-23,False,0.172
559,2024-07-10,False,0.189
560,2024-12-07,False,0.226
561,2024-07-02,False,0.257
562,2024-10-14,False,0.266
563,2024-08-05,False,0.182
564,2024-08-06,True,0.061
565,2024-07-21,True,0.095
566,2024-11-05,False,0.124
567,2024-01-26,False,0.163
568,2024-03-08,True,0.0
569,2024-05-30,False,0.262
570,2024-09-24,False,0.176
571,2024-12-25,False,0.148
572,2024-10-14,False,0.149
573,2024-09-30,True,0.085
574,2024-03-28,False,0.265
575,2024-02-25,True,0.051
576,2024-05-05,False,0.185
577,2024-10-21,False,0.318
578,2024-09-01,False,0.342
579,2024-06-10,True,0.006
580,2024-09-07,False,0.271
581,2024-08-14,False,0.194
582,2024-05-14,False,0.147
583,2024-04-04,True,0.068
584,2024-08-26,True,0.052
585,2024-08-04,False,0.294
586,2024-03-12,True,0.063
587,2024-08-06,True,0.018
588,2024-05-31,True,0.089
589,2024-10-10,False,0.129
590,2024-12-09,False,0.393
591,2024-12-08,False,0.208
592,2024-04-15,False,0.147
593,2024-10-04,True,0.036
594,2024-09-01,False,0.105
595,2024-11-13,True,0.08
596,2024-01-16,True,0.028
597,2024-02-22,False,0.143
598,2024-06-24,False,0.188
599,2024-03-22,False,0.189
600,2024-06-26,False,0.216
601,2024-12-17,False,0.125
602,2024-03-21,False,0.13
603,2024-01-21,False,0.117
604,2024-06-25,True,0.09
605,2024-10-30,True,0.054
606,2024-07-09,True,0.032
607,2024-07-26,True,0.057
608,2024-04-29,False,0.158
609,2024-07-30,False,0.152
610,2024-10-10,False,0.2
611,2024-01-14,False,0.111
612,2024-07-22,False,0.308
613,2024-10-24,False,0.217
614,2024-07-15,False,0.133
615,2024-04-18,False,0.223
616,2024-03-30,True,0.057
617,2024-04-16,False,0.351
618,2024-08-28,False,0.152
619,2024-06-08,True,0.013
620,2024-06-19,False,0.177
621,2024-03-04,False,0.276
622,2024-11-02,False,0.182
623,2024-09-15,False,0.166
624,2024-03-28,False,0.344
625,2024-06-25,False,0.289
626,2024-01-23,False,0.304
627,2024-12-11,False,0.206
628,2024-02-11,False,0.34
629,2024-04-08,False,0.228
630,2024-10-08,False,0.106
631,2024-02-25,False,0.231
632,2024-10-30,False,0.233
633,2024-02-20,True,0.06
634,2024-07-07,True,0.0
635,2024-03-03,True,0.084
636,2024-06-09,True,0.0
637,2024-03-16,False,0.322
638,2024-01-22,False,0.147
639,2024-06-22,True,0.0
640,2024-09-25,False,0.115
641,2024-02-29,False,0.245
642,2024-04-17,True,0.082
643,2024-04-09,False,0.317
644,2024-05-08,True,0.045
645,2024-09-25,False,0.231
646,2024-09-21,True,0.049
647,2024-12-13,False,0.107
648,2024-05-24,False,0.136
649,2024-11-01,True,0.05
650,2024-09-25,False,0.278
651,2024-09-29,False,0.253
652,2024-03-21,False,0.207
653,2024-03-11,False,0.257
654,2024-09-18,False,0.15
655,2024-09-22,False,0.248
656,2024-11-19,True,0.031
657,2024-11-27,False,0.131
658,2024-06-21,True,0.034
659,2024-01-05,False,0.118
660,2024-06-22,False,0.259
661,2024-03-19,True,0.09
662,2024-07-18,False,0.113
663,2024-06-11,True,0.086
664,2024-02-13,False,0.226
665,2024-09-07,True,0.057
666,2024-11-22,True,0.084
667,2024-11-06,False,0.108
668,2024-06-15,False,0.237
669,2024-08-14,True,0.029
670,2024-12-14,False,0.15
671,2024-12-09,False,0.305
672,2024-06-09,False,0.101
673,2024-03-09,True,0.0
674,2024-11-05,False,0.284
675,2024-11-16,False,0.103
676,2024-02-11,True,0.092
677,2024-07-25,False,0.227
678,2024-01-11,False,0.261
679,2024-11-04,False,0.289
680,2024-01-26,False,0.131
681,2024-10-02,False,0.227
682,2024-02-22,True,0.071
683,2024-11-08,True,0.054
684,2024-08-13,True,0.081
685,2024-06-08,False,0.195
686,2024-01-03,False,0.178
687,2024-02-14,False,0.226
688,2024-04-28,False,0.224
689,2024-01-06,True,0.089
690,2024-11-14,True,0.009
691,2024-03-04,True,0.087
692,2024-02-21,False,0.272
693,2024-06-16,False,0.292
694,2024-03-09,False,0.262
695,2024-11-12,False,0.249
696,2024-03-01,True,0.031
697,2024-05-25,False,0.145
698,2024-02-12,False,0.239
699,2024-01-02,True,0.0
700,2024-08-13,True,0.019
701,2024-05-06,True,0.014
702,2024-11-30,True,0.015
703,2024-12-12,False,0.113
704,2024-05-20,False,0.319
705,2024-08-06,False,0.144
706,2024-08-05,True,0.0
707,2024-09-21,False,0.23
708,2024-01-24,True,0.08
709,2025-01-01,False,0.21
710,2024-04-27,False,0.271
711,2024-12-19,True,0.0
712,2024-07-13,False,0.194
713,2024-03-18,True,0.09
714,2024-09-07,False,0.229
715,2024-05-19,False,0.219
716,2024-07-01,False,0.238
717,2024-10-24,False,0.163
718,2024-09-27,False,0.158
719,2024-10-03,False,0.227
720,2024-09-16,False,0.299
721,2024-12-06,True,0.024
722,2024-01-05,False,0.145
723,2024-04-07,False,0.243
724,2024-08-21,True,0.095
725,2024-03-06,False,0.145
726,2024-02-09,False,0.222
727,2024-01-16,False,0.19
728,2024-10-30,False,0.272
729,2024-09-28,False,0.284
730,2024-09-05,False,0.233
731,2024-10-04,True,0.09
732,2024-03-26,False,0.148
733,2024-05-23,False,0.144
734,2024-08-02,False,0.216
735,2024-10-19,False,0.198
736,2024-04-09,False,0.217
737,2024-01-21,False,0.151
738,2024-07-09,False,0.122
739,2024-02-23,False,0.156
740,2024-06-27,False,0.289
741,2024-04-12,True,0.088
742,2024-12-30,False,0.128
743,2024-01-27,False,0.132
744,2024-03-29,True,0.008
745,2024-08-02,True,0.08
746,2024-08-23,False,0.202
747,2024-05-10,False,0.121
748,2024-06-21,True,0.097
749,2024-08-23,True,0.034
750,2024-02-28,False,0.427
751,2024-08-28,False,0.188
752,2024-10-13,True,0.083
753,2024-01-18,True,0.071
754,2024-01-22,True,0.0
755,2024-09-28,False,0.187
756,2024-07-12,False,0.169
757,2024-11-05,False,0.156
758,2024-09-09,False,0.285
759,2024-06-12,False,0.101
760,2024-06-20,False,0.212
761,2024-12-25,False,0.107
762,2024-04-10,False,0.185
763,2024-10-09,False,0.292
764,2024-06-10,True,0.0
765,2024-12-13,False,0.185
766,2024-06-23,True,0.018
767,2024-06-19,False,0.216
768,2024-09-22,False,0.252
769,2024-04-30,True,0.0
770,2024-07-13,True,0.019
771,2024-12-22,False,0.236
772,2024-06-23,True,0.052
773,2024-09-05,False,0.28
774,2024-03-03,False,0.2
775,2024-09-27,False,0.246
776,2024-02-18,False,0.255
777,2024-12-30,True,0.087
778,2024-10-29,True,0.0
779,2024-09-24,False,0.204
780,2024-02-25,False,0.24
781,2024-01-15,True,0.0
782,2024-04-17,False,0.319
783,2024-07-03,False,0.21
784,2024-06-10,False,0.298
785,2024-06-26,False,0.131
786,2024-12-26,True,0.069
787,2024-05-19,False,0.128
788,2024-04-08,False,0.125
789,2024-01-28,False,0.21
790,2024-06-21,False,0.22
791,2024-08-13,False,0.218
792,2024-02-10,False,0.252
793,2024-11-27,False,0.197
794,2024-12-12,True,0.072
795,2024-09-01,False,0.105
796,2024-12-22,True,0.09
797,2024-01-09,False,0.289
798,2024-05-04,False,0.278
799,2024-12-03,False,0.111
800,2024-04-27,True,0.082
801,2024-02-16,False,0.113
802,2024-02-03,False,0.208
803,2024-04-30,False,0.124
804,2024-09-07,False,0.151
805,2024-03-19,False,0.279
806,2024-03-21,False,0.217
807,2024-05-06,False,0.201
808,2024-02-24,False,0.17
809,2024-04-08,False,0.237
810,2024-02-24,False,0.112
811,2024-09-07,True,0.072
812,2024-03-25,False,0.14
813,2024-10-20,False,0.248
814,2024-12-10,False,0.291
815,2024-01-27,False,0.142
816,2024-12-14,True,0.0
817,2024-10-10,False,0.359
818,2024-04-02,False,0.187
819,2024-05-02,True,0.077
820,2024-07-22,True,0.061
821,2024-12-31,False,0.29
822,2024-10-02,False,0.191
823,2024-10-24,False,0.153
824,2024-12-04,False,0.237
825,2024-11-28,False,0.147
826,2024-09-07,True,0.054
827,2024-08-11,False,0.199
828,2024-01-05,False,0.315
829,2024-01-20,False,0.103
830,2024-03-21,False,0.128
831,2024-01-23,False,0.245
832,2024-04-01,False,0.14
833,2024-02-16,False,0.221
834,2024-06-05,False,0.17
835,2024-12-27,False,0.238
836,2024-06-30,True,0.068
837,2024-02-04,False,0.321
838,2024-01-30,True,0.053
839,2024-11-21,True,0.035
840,2024-03-16,False,0.178
841,2025-01-03,False,0.186
842,2024-01-11,False,0.272
843,2024-07-08,True,0.0
844,2024-02-02,False,0.201
845,2024-08-02,True,0.076
846,2024-03-30,True,0.0
847,2024-02-28,False,0.2
848,2024-08-21,False,0.155
849,2024-06-02,False,0.2
850,2024-06-02,True,0.057
851,2024-11-01,True,0.0
852,2024-03-25,False,0.327
853,2024-08-30,False,0.107
854,2024-08-27,False,0.229
855,2024-07-29,False,0.108
856,2024-10-12,True,0.056
857,2024-06-15,False,0.337
858,2024-03-06,False,0.259
859,2024-01-30,True,0.066
860,2024-06-05,False,0.209
861,2024-06-25,True,0.0
862,2024-10-20,False,0.273
863,2024-12-25,False,0.21
864,2024-10-23,False,0.227
865,2024-01-12,False,0.212
866,2024-12-02,True,0.07
867,2024-08-04,False,0.109
868,2024-10-23,False,0.28
869,2024-07-26,False,0.155
870,2024-02-21,False,0.107
871,2024-09-21,True,0.06
872,2024-09-11,False,0.141
873,2024-01-04,False,0.114
874,2024-02-20,True,0.048
875,2024-07-23,False,0.17
876,2024-07-30,True,0.057
877,2024-07-17,False,0.337
878,2024-02-14,False,0.25
879,2024-03-19,False,0.175
880,2024-02-02,False,0.167
881,2024-01-26,False,0.222
882,2024-01-23,False,0.153
883,2024-10-06,False,0.173
884,2024-03-16,False,0.152
885,2024-12-12,False,0.182
886,2024-08-25,False,0.191
887,2024-09-24,False,0.289
888,2024-05-30,False,0.145
889,2024-08-04,False,0.26
890,2024-09-25,False,0.221
891,2024-04-20,False,0.151
892,2024-11-23,False,0.236
893,2024-09-05,False,0.213
894,2024-12-29,False,0.129
895,2024-04-09,True,0.07
896,2024-07-28,False,0.264
897,2024-11-14,False,0.116
898,2024-01-07,False,0.173
899,2024-04-14,False,0.208
900,2024-07-17,False,0.229
901,2024-03-12,False,0.115
902,2024-09-28,False,0.228
903,2024-07-26,True,0.085
904,2024-09-22,False,0.174
905,2024-10-23,False,0.186
906,2024-02-13,True,0.026
907,2024-11-03,False,0.135
908,2024-05-31,False,0.209
909,2024-11-01,True,0.0
910,2024-07-18,True,0.08
911,2024-10-19,False,0.189
912,2024-09-05,False,0.256
913,2024-05-08,False,0.209
914,2024-08-05,False,0.104
915,2024-08-13,False,0.161
916,2024-10-18,False,0.157
917,2024-06-03,False,0.117
918,2024-09-25,True,0.045
919,2024-10-14,False,0.136
920,2024-10-09,True,0.074
921,2024-08-05,False,0.292
922,2024-03-31,False,0.181
923,2024-04-06,False,0.242
924,2024-04-27,False,0.228
925,2024-12-03,False,0.294
926,2024-11-20,False,0.224
927,2024-12-14,True,0.014
928,2024-10-03,True,0.01
929,2024-02-28,False,0.274
930,2024-06-29,False,0.141
931,2024-12-13,False,0.156
932,2024-12-30,False,0.228
933,2024-12-08,True,0.0
934,2024-07-05,False,0.244
935,2024-08-04,False,0.171
936,2024-07-20,True,0.0
937,2024-02-18,False,0.157
938,2024-10-27,False,0.276
939,2024-08-10,False,0.154
940,2024-09-03,False,0.127
941,2024-05-24,True,0.0
942,2024-07-09,False,0.222
943,2024-04-27,False,0.216
944,2024-02-06,False,0.118
945,2024-07-09,True,0.045
946,2024-07-03,False,0.208
947,2024-09-07,True,0.041
948,2024-08-27,False,0.182
949,2024-06-04,True,0.0
950,2024-01-31,False,0.101
951,2024-03-21,True,0.0
952,2024-04-08,False,0.169
953,2024-02-16,False,0.254
954,2024-07-16,False,0.278
955,2024-04-30,True,0.07
956,2024-09-16,True,0.021
957,2024-02-14,True,0.081
958,2024-06-27,False,0.145
959,2024-04-29,False,0.112
960,2024-03-13,True,0.0
961,2024-07-22,True,0.074
962,2024-02-13,False,0.182
963,2024-03-10,True,0.0
964,2024-05-20,False,0.216
965,2024-07-23,False,0.205
966,2024-12-14,False,0.135
967,2024-07-05,False,0.263
968,2024-11-19,False,0.222
969,2024-07-15,False,0.385
970,2024-04-22,True,0.056
971,2024-02-29,False,0.2
972,2024-11-20,False,0.262
973,2024-10-18,True,0.065
974,2024-05-28,True,0.032
975,2024-10-11,False,0.22
976,2024-11-08,False,0.141
977,2024-05-19,False,0.248
978,2024-01-29,False,0.238
979,2024-04-24,False,0.187
980,2024-06-15,False,0.212
981,2024-04-14,False,0.101
982,2024-03-25,True,0.0
983,2024-11-29,False,0.105
984,2024-01-13,False,0.264
985,2024-09-20,True,0.073
986,2024-07-01,True,0.07
987,2024-10-31,True,0.054
988,2024-10-20,False,0.277
989,2024-01-22,False,0.138
990,2024-02-08,False,0.143
991,2024-11-04,False,0.11
992,2024-01-28,True,0.06
993,2024-09-22,False,0.126
994,2024-09-02,True,0.0
995,2024-11-21,False,0.126
996,2024-11-06,False,0.205
997,2024-01-07,True,0.094
998,2024-11-21,False,0.221
999,2024-03-31,False,0.211
1000,2024-02-21,False,0.318
