shipment_id,supplier_id,warehouse_id,date,product,quantity_kg,unit_cost,total_cost
1,9,5,2024-09-19,Whatchamacallits,132.17,34.03,4497.75
2,12,4,2024-09-21,Doodads,32.78,13.54,443.84
3,1,2,2024-11-18,Whatchamacallits,132.28,31.76,4201.21
4,58,2,2024-09-12,Thingamajigs,103.07,18.03,1858.35
5,1,4,2024-08-02,Thingamajigs,63.16,21.45,1354.78
6,34,3,2024-08-03,Doodads,36.24,12.16,440.68
7,96,1,2024-02-22,Whatchamacallits,135.26,31.85,4308.03
8,48,3,2024-11-02,Whatchamacallits,124.07,32.83,4073.22
9,89,5,2024-10-07,Whatchamacallits,128.27,31.07,3985.35
10,1,4,2024-09-22,Gadgets,155.11,45.62,7076.12
11,16,3,2024-09-02,Thingamajigs,85.86,19.3,1657.1
12,61,2,2024-05-02,Whatchamacallits,100.1,33.79,3382.38
13,64,5,2024-01-18,Whatchamacallits,135.71,29.06,3943.73
14,63,5,2024-07-11,Gadgets,167.54,45.04,7546.0
15,69,3,2024-10-03,Gadgets,146.56,46.29,6784.26
16,22,3,2024-04-25,Whatchamacallits,119.35,28.42,3391.93
17,93,4,2024-11-19,Widgets,77.03,22.76,1753.2
18,67,1,2024-09-10,Whatchamacallits,127.71,32.35,4131.42
19,76,3,2024-06-22,Whatchamacallits,128.58,32.5,4178.85
20,26,3,2024-10-17,Gadgets,149.07,47.93,7144.93
21,16,2,2024-10-26,Gadgets,166.87,48.5,8093.2
22,51,5,2024-01-05,Whatchamacallits,114.99,33.91,3899.31
23,86,1,2024-10-30,Whatchamacallits,128.47,32.32,4152.15
24,57,2,2024-11-20,Whatchamacallits,104.71,33.31,3487.89
25,29,4,2024-04-20,Gadgets,149.65,44.64,6680.38
26,78,4,2024-10-08,Whatchamacallits,117.38,32.36,3798.42
27,92,3,2024-06-19,Whatchamacallits,123.38,36.22,4468.82
28,69,3,2024-06-12,Doodads,44.46,13.99,622.0
29,47,4,2024-03-21,Widgets,98.03,27.57,2702.69
30,94,3,2024-04-23,Thingamajigs,92.39,17.51,1617.75
31,62,1,2024-08-11,Widgets,93.45,24.59,2297.94
32,69,3,2024-01-25,Doodads,25.9,13.4,347.06
33,76,5,2024-03-21,Thingamajigs,106.24,19.5,2071.68
34,16,3,2024-04-17,Whatchamacallits,140.72,33.71,4743.67
35,90,2,2024-08-22,Doodads,30.62,12.8,391.94
36,90,1,2024-07-29,Whatchamacallits,130.35,33.23,4331.53
37,48,2,2024-05-21,Gadgets,142.46,46.86,6675.68
38,85,2,2024-05-12,Doodads,53.95,10.97,591.83
39,39,5,2024-02-02,Gadgets,154.41,41.52,6411.1
40,100,1,2024-06-10,Doodads,46.48,11.28,524.29
41,33,1,2024-08-06,Doodads,38.24,11.04,422.17
42,94,1,2024-12-30,Gadgets,139.64,43.42,6063.17
43,23,1,2024-12-08,Thingamajigs,66.26,18.74,1241.71
44,10,1,2024-03-05,Widgets,87.52,24.11,2110.11
45,69,5,2024-02-12,Whatchamacallits,118.99,32.63,3882.64
46,100,3,2024-02-22,Doodads,39.26,11.52,452.28
47,34,2,2024-06-23,Whatchamacallits,130.23,29.56,3849.6
48,52,1,2024-03-13,Gadgets,172.31,43.34,7467.92
49,95,3,2024-09-09,Whatchamacallits,111.3,36.08,4015.7
50,10,3,2024-04-22,Gadgets,153.59,44.02,6761.03
51,19,2,2024-03-21,Whatchamacallits,127.5,34.37,4382.17
52,58,5,2024-12-18,Widgets,107.08,23.41,2506.74
53,96,4,2024-06-25,Widgets,101.14,27.62,2793.49
54,1,4,2024-11-30,Widgets,111.14,27.85,3095.25
55,69,3,2024-04-28,Widgets,107.23,26.37,2827.66
56,4,2,2024-05-01,Widgets,81.44,26.14,2128.84
57,16,4,2024-04-09,Widgets,113.04,27.64,3124.43
58,24,3,2024-10-29,Gadgets,163.31,43.06,7032.13
59,80,5,2024-04-08,Doodads,38.55,12.54,483.42
60,2,4,2024-12-23,Whatchamacallits,120.57,32.29,3893.21
61,92,3,2024-12-11,Widgets,110.25,26.71,2944.78
62,32,3,2024-03-28,Gadgets,146.86,49.81,7315.1
63,91,1,2024-05-13,Gadgets,166.09,45.5,7557.1
64,84,5,2024-04-12,Gadgets,185.46,44.44,8241.84
65,24,1,2024-11-21,Doodads,38.21,12.74,486.8
66,12,2,2024-06-25,Whatchamacallits,99.28,27.66,2746.08
67,50,1,2024-02-01,Doodads,54.56,12.34,673.27
68,35,1,2024-11-01,Thingamajigs,90.82,18.62,1691.07
69,33,4,2024-09-28,Gadgets,146.54,40.97,6003.74
70,33,3,2024-01-03,Thingamajigs,101.8,15.03,1530.05
71,61,5,2024-07-15,Widgets,79.92,28.61,2286.51
72,51,1,2024-03-25,Widgets,110.39,27.64,3051.18
73,43,5,2024-06-15,Doodads,40.91,12.48,510.56
74,12,1,2024-08-15,Whatchamacallits,145.79,26.12,3808.03
75,67,2,2024-05-08,Thingamajigs,109.89,18.41,2023.07
76,65,1,2024-12-13,Whatchamacallits,108.5,31.15,3379.77
77,33,4,2024-08-08,Doodads,41.76,10.41,434.72
78,40,3,2024-05-18,Widgets,112.89,22.72,2564.86
79,74,2,2024-11-05,Whatchamacallits,114.19,31.36,3581.0
80,43,1,2024-01-09,Whatchamacallits,119.32,32.63,3893.41
81,44,5,2024-10-16,Widgets,100.38,24.25,2434.21
82,29,2,2024-07-19,Thingamajigs,51.2,17.31,886.27
83,13,2,2024-05-22,Widgets,99.79,25.01,2495.75
84,12,1,2024-11-24,Whatchamacallits,109.65,28.51,3126.12
85,95,2,2024-06-20,Thingamajigs,72.6,21.49,1560.17
86,46,5,2024-07-12,Thingamajigs,101.65,18.3,1860.2
87,2,2,2024-11-27,Widgets,81.15,26.24,2129.38
88,35,5,2024-01-27,Whatchamacallits,132.2,35.11,4641.54
89,87,1,2024-11-14,Doodads,45.82,13.1,600.24
90,81,3,2024-02-28,Whatchamacallits,115.8,33.79,3912.88
91,90,2,2024-09-12,Gadgets,161.86,44.11,7139.64
92,8,3,2024-11-08,Doodads,55.1,12.29,677.18
93,93,5,2024-12-27,Thingamajigs,88.56,19.59,1734.89
94,26,2,2024-04-14,Doodads,64.52,12.67,817.47
95,74,4,2024-01-27,Thingamajigs,75.03,17.94,1346.04
96,90,3,2024-04-30,Thingamajigs,70.82,19.03,1347.7
97,34,2,2024-04-30,Doodads,33.72,12.49,421.16
98,7,3,2024-04-05,Thingamajigs,67.62,15.93,1077.19
99,68,2,2024-07-02,Thingamajigs,124.24,17.25,2143.14
100,58,1,2024-11-06,Gadgets,168.67,42.95,7244.38
101,75,3,2024-04-12,Whatchamacallits,99.73,30.63,3054.73
102,29,4,2024-12-23,Whatchamacallits,100.16,30.98,3102.96
103,36,4,2024-03-30,Gadgets,157.23,47.93,7536.03
104,89,5,2024-10-11,Doodads,58.21,11.21,652.53
105,21,2,2024-01-18,Widgets,108.23,28.13,3044.51
106,36,3,2024-10-17,Widgets,96.18,24.94,2398.73
107,10,5,2024-02-21,Widgets,98.12,25.8,2531.5
108,73,3,2024-06-02,Gadgets,154.92,45.68,7076.75
109,24,2,2024-07-19,Gadgets,151.29,43.6,6596.24
110,64,4,2024-02-10,Thingamajigs,46.71,18.22,851.06
111,99,1,2024-02-25,Widgets,96.55,28.78,2778.71
112,49,4,2024-03-13,Doodads,37.23,11.24,418.47
113,99,5,2024-07-31,Doodads,52.63,14.25,749.98
114,36,1,2024-05-25,Widgets,144.78,24.2,3503.68
115,82,5,2024-05-21,Widgets,105.51,23.87,2518.52
116,96,2,2024-04-21,Widgets,95.3,27.55,2625.52
117,24,1,2024-05-29,Gadgets,163.83,43.82,7179.03
118,23,5,2024-01-14,Gadgets,157.24,43.66,6865.1
119,62,2,2024-04-20,Gadgets,156.3,45.09,7047.57
120,96,4,2024-11-10,Whatchamacallits,129.1,34.47,4450.08
121,37,2,2024-12-18,Doodads,80.85,11.61,938.67
122,12,3,2024-02-15,Doodads,33.04,10.44,344.94
123,55,2,2024-10-06,Thingamajigs,87.1,20.91,1821.26
124,13,2,2024-02-09,Gadgets,136.1,46.2,6287.82
125,23,3,2024-08-13,Whatchamacallits,128.33,31.92,4096.29
126,89,5,2024-05-17,Whatchamacallits,106.22,28.99,3079.32
127,99,5,2024-04-21,Doodads,43.74,15.85,693.28
128,30,2,2024-05-15,Gadgets,145.57,46.17,6720.97
129,17,3,2024-04-04,Thingamajigs,94.64,21.74,2057.47
130,62,3,2024-04-04,Gadgets,163.78,44.48,7284.93
131,84,4,2024-10-14,Widgets,81.31,25.39,2064.46
132,89,5,2024-05-29,Gadgets,150.82,42.15,6357.06
133,86,1,2024-08-12,Widgets,89.36,25.81,2306.38
134,13,5,2024-04-28,Widgets,81.12,26.79,2173.2
135,59,5,2024-05-30,Thingamajigs,76.74,18.75,1438.88
136,19,4,2024-12-13,Doodads,45.37,12.66,574.38
137,49,1,2024-02-20,Gadgets,186.4,48.49,9038.54
138,100,4,2024-06-21,Widgets,106.49,24.48,2606.88
139,12,1,2024-08-14,Gadgets,129.34,40.9,5290.01
140,61,2,2024-05-27,Doodads,41.53,15.2,631.26
141,19,1,2024-10-21,Doodads,65.32,12.63,824.99
142,76,4,2024-11-17,Whatchamacallits,151.33,32.21,4874.34
143,9,5,2024-07-18,Doodads,26.21,13.17,345.19
144,71,1,2024-09-09,Thingamajigs,51.8,17.33,897.69
145,28,1,2024-02-28,Widgets,128.06,24.98,3198.94
146,78,3,2024-01-07,Whatchamacallits,125.84,34.97,4400.62
147,95,5,2024-03-17,Thingamajigs,66.98,19.15,1282.67
148,52,2,2024-06-13,Gadgets,158.02,41.25,6518.33
149,83,4,2024-03-28,Widgets,60.46,23.59,1426.25
150,16,2,2024-07-22,Doodads,50.05,13.85,693.19
151,69,5,2024-05-15,Widgets,104.92,26.1,2738.41
152,99,1,2024-07-10,Gadgets,163.86,46.83,7673.56
153,12,1,2024-09-10,Whatchamacallits,104.79,28.96,3034.72
154,25,5,2024-01-10,Whatchamacallits,121.29,28.47,3453.13
155,52,1,2024-09-12,Whatchamacallits,106.12,27.3,2897.08
156,85,1,2024-06-18,Doodads,53.83,13.31,716.48
157,100,1,2024-10-26,Thingamajigs,66.57,19.09,1270.82
158,53,4,2024-07-08,Thingamajigs,73.88,19.09,1410.37
159,23,4,2024-08-08,Widgets,85.06,25.85,2198.8
160,16,3,2024-08-18,Doodads,59.77,14.8,884.6
161,57,2,2024-05-26,Whatchamacallits,132.88,32.19,4277.41
162,39,5,2024-11-20,Whatchamacallits,116.48,30.64,3568.95
163,53,5,2024-08-16,Gadgets,150.57,44.14,6646.16
164,42,5,2024-07-06,Gadgets,128.27,50.75,6509.7
165,58,3,2024-02-29,Whatchamacallits,115.5,31.05,3586.28
166,39,4,2024-01-17,Whatchamacallits,119.25,29.93,3569.15
167,14,3,2024-11-14,Doodads,89.31,11.38,1016.35
168,95,5,2024-02-12,Thingamajigs,63.32,21.28,1347.45
169,5,2,2024-09-02,Gadgets,171.96,42.43,7296.26
170,35,1,2024-08-25,Thingamajigs,94.95,19.27,1829.69
171,87,4,2024-05-03,Doodads,54.21,11.46,621.25
172,93,4,2024-12-02,Whatchamacallits,146.38,29.61,4334.31
173,75,3,2024-12-22,Thingamajigs,85.58,20.2,1728.72
174,18,4,2024-02-12,Whatchamacallits,125.84,35.01,4405.66
175,76,5,2024-03-15,Whatchamacallits,119.2,34.17,4073.06
176,9,5,2024-02-17,Widgets,118.35,26.18,3098.4
177,74,3,2024-03-02,Thingamajigs,96.45,17.97,1733.21
178,58,5,2024-09-29,Thingamajigs,70.61,17.14,1210.26
179,17,2,2024-07-24,Whatchamacallits,100.21,34.4,3447.22
180,7,3,2024-01-26,Doodads,46.96,10.62,498.72
181,46,2,2024-07-02,Widgets,88.0,26.36,2319.68
182,13,1,2024-04-25,Whatchamacallits,119.05,31.28,3723.88
183,40,2,2024-04-25,Gadgets,168.56,41.74,7035.69
184,42,1,2024-11-25,Gadgets,143.14,50.04,7162.73
185,9,1,2024-06-05,Widgets,99.36,29.7,2950.99
186,50,2,2024-06-11,Doodads,50.87,11.58,589.07
187,27,3,2024-06-15,Whatchamacallits,132.73,34.82,4621.66
188,66,5,2024-11-26,Thingamajigs,46.3,18.63,862.57
189,5,5,2024-12-30,Widgets,90.9,23.75,2158.88
190,29,1,2024-06-09,Doodads,53.17,13.61,723.64
191,37,1,2024-03-21,Thingamajigs,98.0,20.5,2009.0
192,38,3,2024-04-15,Gadgets,142.62,45.92,6549.11
193,83,4,2024-08-28,Gadgets,121.85,39.34,4793.58
194,8,2,2024-01-25,Thingamajigs,89.3,18.25,1629.72
195,65,1,2024-01-25,Widgets,90.47,27.02,2444.5
196,86,5,2024-02-06,Gadgets,132.16,44.59,5893.01
197,17,3,2024-07-16,Whatchamacallits,110.63,35.88,3969.4
198,71,2,2024-08-04,Thingamajigs,77.23,18.11,1398.64
199,89,3,2024-11-09,Thingamajigs,70.93,17.36,1231.34
200,45,2,2024-05-23,Gadgets,116.92,52.55,6144.15
201,4,2,2024-07-29,Widgets,113.46,23.77,2696.94
202,36,1,2024-04-14,Whatchamacallits,139.12,32.95,4584.0
203,70,3,2024-01-26,Widgets,109.77,28.93,3175.65
204,31,3,2024-04-25,Doodads,32.93,13.14,432.7
205,19,5,2024-06-04,Doodads,46.98,13.56,637.05
206,61,5,2024-09-11,Gadgets,149.9,48.45,7262.66
207,54,1,2024-09-05,Gadgets,158.98,46.58,7405.29
208,39,1,2024-06-09,Gadgets,160.03,42.37,6780.47
209,91,4,2024-08-16,Doodads,38.99,12.04,469.44
210,74,5,2024-09-28,Widgets,101.23,23.58,2387.0
211,90,2,2024-07-29,Widgets,106.86,26.5,2831.79
212,19,3,2024-12-25,Gadgets,171.84,48.98,8416.72
213,39,1,2024-11-18,Whatchamacallits,130.57,28.36,3702.97
214,67,3,2024-02-28,Widgets,111.84,25.38,2838.5
215,45,3,2024-06-15,Doodads,51.26,12.73,652.54
216,13,4,2024-07-08,Thingamajigs,101.16,19.05,1927.1
217,92,5,2024-11-26,Thingamajigs,86.15,22.27,1918.56
218,58,1,2024-01-29,Thingamajigs,67.08,17.49,1173.23
219,20,3,2024-03-16,Whatchamacallits,141.05,31.33,4419.1
220,92,1,2024-06-24,Gadgets,160.47,48.29,7749.1
221,72,2,2024-12-27,Doodads,43.35,10.04,435.23
222,61,4,2024-03-06,Whatchamacallits,112.81,33.69,3800.57
223,39,2,2024-06-10,Doodads,54.45,12.49,680.08
224,1,1,2024-02-03,Doodads,56.95,12.34,702.76
225,3,1,2024-11-13,Gadgets,152.96,45.44,6950.5
226,77,5,2024-07-01,Thingamajigs,84.67,19.7,1668.0
227,92,3,2024-04-24,Gadgets,175.5,47.95,8415.22
228,62,3,2024-01-20,Whatchamacallits,136.07,32.62,4438.6
229,63,2,2024-11-16,Whatchamacallits,122.86,31.89,3918.01
230,25,4,2024-05-31,Whatchamacallits,134.12,29.6,3969.95
231,56,3,2024-12-24,Gadgets,134.51,45.57,6129.62
232,33,5,2024-08-15,Doodads,55.97,11.88,664.92
233,38,2,2024-03-20,Doodads,77.14,12.69,978.91
234,6,2,2024-10-13,Widgets,96.73,25.68,2484.03
235,58,5,2024-03-21,Whatchamacallits,107.29,29.74,3190.8
236,44,4,2024-03-16,Doodads,40.22,12.55,504.76
237,45,5,2024-09-13,Widgets,83.66,28.6,2392.68
238,32,4,2024-05-10,Doodads,38.23,13.18,503.87
239,45,5,2024-05-23,Whatchamacallits,114.44,37.02,4236.57
240,61,5,2024-09-29,Thingamajigs,58.92,20.81,1226.13
241,47,1,2024-04-06,Whatchamacallits,120.23,34.53,4151.54
242,21,2,2024-11-10,Gadgets,163.53,45.8,7489.67
243,80,5,2024-05-01,Doodads,36.38,13.36,486.04
244,85,5,2024-09-15,Doodads,72.79,12.67,922.25
245,75,3,2024-04-02,Gadgets,157.66,42.62,6719.47
246,36,2,2024-03-27,Gadgets,165.46,45.88,7591.3
247,99,3,2024-11-23,Thingamajigs,70.13,20.77,1456.6
248,19,2,2024-02-14,Doodads,62.82,14.1,885.76
249,20,3,2024-02-22,Doodads,33.62,12.87,432.69
250,57,5,2024-07-16,Thingamajigs,93.35,17.09,1595.35
251,18,5,2024-02-24,Widgets,102.58,27.1,2779.92
252,47,1,2024-05-08,Thingamajigs,88.3,22.46,1983.22
253,49,3,2024-06-24,Whatchamacallits,102.37,33.29,3407.9
254,14,4,2024-07-14,Doodads,36.57,11.93,436.28
255,15,1,2024-09-13,Gadgets,158.96,45.73,7269.24
256,31,3,2024-12-18,Whatchamacallits,105.77,32.89,3478.78
257,1,3,2024-08-26,Doodads,56.95,14.17,806.98
258,54,1,2024-12-22,Thingamajigs,59.49,18.41,1095.21
259,3,5,2024-10-22,Whatchamacallits,132.72,33.36,4427.54
260,16,3,2024-07-18,Doodads,31.51,14.32,451.22
261,87,5,2024-11-03,Widgets,108.28,24.42,2644.2
262,57,1,2024-08-21,Widgets,109.38,25.91,2834.04
263,75,5,2024-11-06,Gadgets,139.55,43.2,6028.56
264,12,2,2024-07-23,Doodads,58.73,12.36,725.9
265,74,4,2024-07-07,Widgets,103.91,22.72,2360.84
266,96,3,2024-02-25,Thingamajigs,71.92,20.26,1457.1
267,16,4,2024-06-08,Doodads,34.87,13.67,476.67
268,72,5,2024-02-06,Thingamajigs,50.56,17.44,881.77
269,76,3,2024-07-28,Thingamajigs,85.24,19.42,1655.36
270,24,5,2024-05-15,Widgets,76.53,25.22,1930.09
271,28,2,2024-06-04,Doodads,51.43,13.51,694.82
272,8,1,2024-10-17,Whatchamacallits,116.05,31.53,3659.06
273,92,3,2024-07-28,Widgets,110.19,26.04,2869.35
274,36,2,2024-09-21,Widgets,95.47,26.3,2510.86
275,90,2,2024-08-11,Doodads,45.06,12.83,578.12
276,8,3,2024-05-04,Doodads,60.98,13.87,845.79
277,58,5,2024-04-22,Thingamajigs,85.03,19.04,1618.97
278,60,2,2024-12-24,Doodads,54.74,12.35,676.04
279,50,4,2024-07-13,Thingamajigs,87.04,22.08,1921.84
280,28,2,2024-02-22,Widgets,76.97,24.89,1915.78
281,92,5,2024-12-24,Gadgets,161.35,48.81,7875.49
282,41,5,2024-11-02,Whatchamacallits,129.19,34.42,4446.72
283,100,4,2024-07-15,Widgets,84.75,24.7,2093.32
284,64,2,2024-01-30,Doodads,46.34,12.7,588.52
285,27,5,2024-05-19,Whatchamacallits,119.41,34.78,4153.08
286,63,3,2024-06-18,Gadgets,147.98,46.17,6832.24
287,17,1,2024-05-28,Gadgets,155.01,50.01,7752.05
288,73,1,2024-04-16,Thingamajigs,101.47,19.06,1934.02
289,33,1,2024-02-08,Whatchamacallits,136.23,27.99,3813.08
290,84,2,2024-01-12,Thingamajigs,60.32,19.41,1170.81
291,77,4,2024-08-23,Widgets,109.33,26.21,2865.54
292,92,5,2024-04-07,Whatchamacallits,139.93,33.73,4719.84
293,29,3,2024-10-31,Widgets,105.8,26.28,2780.42
294,13,3,2024-01-28,Thingamajigs,96.36,20.46,1971.53
295,46,2,2024-12-08,Whatchamacallits,150.18,30.48,4577.49
296,35,1,2024-07-22,Thingamajigs,95.36,19.07,1818.52
297,6,2,2024-08-27,Whatchamacallits,123.74,32.18,3981.95
298,82,4,2024-03-10,Thingamajigs,95.68,18.94,1812.18
299,69,4,2024-04-25,Gadgets,152.17,45.34,6899.39
300,47,5,2024-07-03,Thingamajigs,80.36,21.6,1735.78
301,25,5,2024-11-07,Gadgets,144.73,41.34,5983.14
302,66,4,2024-12-22,Thingamajigs,103.45,17.52,1812.44
303,10,4,2024-06-24,Whatchamacallits,107.72,30.28,3261.76
304,56,4,2024-01-09,Whatchamacallits,142.99,31.32,4478.45
305,30,2,2024-02-03,Whatchamacallits,127.5,32.12,4095.3
306,5,4,2024-03-31,Doodads,29.01,10.23,296.77
307,33,3,2024-10-17,Widgets,105.51,23.86,2517.47
308,65,1,2024-04-15,Whatchamacallits,88.5,31.05,2747.92
309,18,4,2024-03-09,Gadgets,159.38,50.39,8031.16
310,96,1,2024-02-22,Whatchamacallits,133.28,34.71,4626.15
311,49,2,2024-04-14,Doodads,41.11,13.28,545.94
312,11,1,2024-10-30,Gadgets,151.85,43.8,6651.03
313,85,2,2024-06-05,Doodads,79.31,13.11,1039.75
314,26,3,2024-05-11,Gadgets,142.41,48.25,6871.28
315,63,2,2024-05-07,Thingamajigs,64.12,17.7,1134.92
316,89,2,2024-05-08,Widgets,122.22,22.39,2736.51
317,86,5,2024-06-18,Widgets,129.44,24.86,3217.88
318,59,4,2024-12-15,Doodads,50.06,12.5,625.75
319,27,4,2024-10-08,Widgets,115.17,27.35,3149.9
320,49,3,2024-08-11,Doodads,70.12,14.53,1018.84
321,77,3,2024-12-22,Doodads,38.86,11.44,444.56
322,33,4,2024-03-30,Doodads,42.72,9.11,389.18
323,98,5,2024-01-28,Widgets,118.46,26.31,3116.68
324,99,4,2024-03-21,Doodads,75.28,12.92,972.62
325,1,5,2024-12-28,Widgets,108.44,23.93,2594.97
326,21,3,2024-02-22,Doodads,36.8,13.36,491.65
327,55,1,2024-10-08,Whatchamacallits,149.81,33.16,4967.7
328,6,3,2024-11-20,Doodads,42.04,12.81,538.53
329,92,3,2024-12-27,Gadgets,144.97,47.07,6823.74
330,81,2,2024-10-03,Doodads,55.14,13.38,737.77
331,69,2,2024-01-28,Thingamajigs,103.31,19.29,1992.85
332,95,2,2024-09-07,Doodads,62.81,12.65,794.55
333,5,2,2024-03-06,Gadgets,156.22,42.55,6647.16
334,3,5,2024-10-28,Gadgets,156.95,46.2,7251.09
335,53,4,2024-08-13,Widgets,100.65,25.71,2587.71
336,23,1,2024-05-02,Whatchamacallits,128.37,32.19,4132.23
337,53,3,2024-01-28,Doodads,12.06,11.7,141.1
338,37,5,2024-05-30,Widgets,95.55,26.7,2551.18
339,74,1,2024-04-11,Whatchamacallits,123.62,27.65,3418.09
340,74,5,2024-10-16,Doodads,32.73,12.11,396.36
341,83,5,2024-04-05,Thingamajigs,85.79,18.64,1599.13
342,17,3,2024-07-16,Doodads,46.93,12.57,589.91
343,85,4,2024-07-30,Gadgets,176.33,41.82,7374.12
344,78,2,2024-10-18,Gadgets,173.6,45.78,7947.41
345,73,4,2024-08-19,Thingamajigs,73.01,20.63,1506.2
346,1,3,2024-04-26,Widgets,97.74,25.5,2492.37
347,51,3,2024-08-12,Whatchamacallits,118.89,32.12,3818.75
348,45,3,2024-08-04,Doodads,43.23,12.74,550.75
349,77,1,2024-03-02,Gadgets,152.93,44.34,6780.92
350,4,4,2024-08-14,Widgets,88.63,27.16,2407.19
351,62,4,2024-01-17,Thingamajigs,63.04,19.69,1241.26
352,65,5,2024-03-08,Gadgets,159.34,43.68,6959.97
353,32,5,2024-10-05,Thingamajigs,89.44,21.76,1946.21
354,34,5,2024-05-25,Doodads,37.94,12.98,492.46
355,92,3,2024-12-01,Whatchamacallits,133.43,33.14,4421.87
356,95,4,2024-10-16,Gadgets,140.53,49.81,6999.8
357,72,3,2024-03-15,Gadgets,153.8,40.76,6268.89
358,39,1,2024-09-27,Doodads,62.31,11.91,742.11
359,26,5,2024-07-30,Widgets,99.5,25.62,2549.19
360,34,3,2024-06-13,Whatchamacallits,126.82,33.79,4285.25
361,54,3,2024-07-03,Gadgets,142.25,46.55,6621.74
362,3,1,2024-01-08,Whatchamacallits,117.05,32.07,3753.79
363,50,2,2024-01-05,Gadgets,146.91,46.71,6862.17
364,12,4,2024-01-07,Whatchamacallits,108.8,28.23,3071.42
365,65,2,2024-03-22,Thingamajigs,77.35,17.95,1388.43
366,54,5,2024-04-06,Gadgets,126.77,45.13,5721.13
367,5,3,2024-08-15,Whatchamacallits,112.63,29.13,3280.91
368,94,1,2024-12-10,Widgets,95.73,25.52,2443.03
369,94,1,2024-04-13,Thingamajigs,76.16,16.96,1291.67
370,57,4,2024-08-30,Thingamajigs,76.38,17.95,1371.02
371,17,2,2024-07-16,Widgets,99.07,26.0,2575.82
372,47,4,2024-07-12,Whatchamacallits,127.19,33.66,4281.22
373,23,3,2024-10-27,Doodads,63.12,12.66,799.1
374,79,4,2024-02-20,Widgets,90.25,25.6,2310.4
375,85,1,2024-06-07,Whatchamacallits,101.95,29.24,2981.02
376,14,1,2024-12-14,Widgets,84.37,24.14,2036.69
377,66,5,2024-03-24,Widgets,92.69,23.77,2203.24
378,75,5,2024-08-07,Gadgets,144.72,41.62,6023.25
379,51,3,2024-03-26,Whatchamacallits,108.45,33.13,3592.95
380,38,2,2024-08-19,Doodads,30.56,12.3,375.89
381,64,4,2024-09-18,Gadgets,143.16,41.71,5971.2
382,98,3,2024-09-06,Widgets,102.72,26.75,2747.76
383,38,5,2024-09-08,Widgets,108.93,26.96,2936.75
384,50,4,2024-06-05,Widgets,91.64,25.71,2356.06
385,98,5,2024-07-22,Whatchamacallits,113.81,32.07,3649.89
386,82,4,2024-08-19,Whatchamacallits,106.1,30.81,3268.94
387,30,2,2024-10-17,Gadgets,149.53,44.58,6666.05
388,79,3,2024-09-16,Doodads,37.27,12.64,471.09
389,91,4,2024-08-25,Gadgets,158.6,45.42,7203.61
390,51,1,2024-07-14,Thingamajigs,53.21,19.9,1058.88
391,63,1,2024-12-28,Widgets,94.61,24.79,2345.38
392,98,4,2024-12-11,Widgets,104.52,24.43,2553.42
393,52,4,2024-05-05,Widgets,102.76,22.2,2281.27
394,38,4,2024-09-26,Gadgets,190.4,44.55,8482.32
395,97,1,2024-07-16,Gadgets,155.25,41.26,6405.62
396,88,1,2024-04-01,Widgets,84.94,26.09,2216.08
397,79,4,2024-11-24,Gadgets,148.57,44.48,6608.39
398,30,5,2024-09-20,Whatchamacallits,93.36,32.35,3020.2
399,51,5,2024-06-22,Whatchamacallits,118.79,32.85,3902.25
400,81,2,2024-11-09,Gadgets,137.5,45.4,6242.5
401,5,3,2024-04-02,Widgets,113.73,25.37,2885.33
402,29,5,2024-11-25,Gadgets,141.76,44.93,6369.28
403,4,1,2024-12-07,Gadgets,148.25,42.97,6370.3
404,10,5,2024-01-26,Gadgets,140.47,44.82,6295.87
405,56,2,2024-05-06,Thingamajigs,106.08,18.73,1986.88
406,17,2,2024-01-09,Whatchamacallits,115.18,35.2,4054.34
407,74,3,2024-09-27,Doodads,77.49,10.67,826.82
408,17,5,2024-09-16,Doodads,62.21,12.25,762.07
409,84,1,2024-06-20,Thingamajigs,87.23,18.7,1631.2
410,88,1,2024-01-04,Gadgets,155.53,45.25,7037.73
411,69,4,2024-05-11,Thingamajigs,85.91,19.26,1654.63
412,34,1,2024-01-09,Thingamajigs,51.08,18.31,935.27
413,6,3,2024-05-19,Widgets,95.82,25.46,2439.58
414,53,3,2024-11-11,Whatchamacallits,132.68,32.01,4247.09
415,66,1,2024-09-10,Doodads,49.27,11.61,572.02
416,77,1,2024-11-15,Gadgets,128.92,44.42,5726.63
417,43,4,2024-07-09,Doodads,49.21,12.11,595.93
418,75,1,2024-06-05,Doodads,75.56,13.22,998.9
419,23,4,2024-01-09,Whatchamacallits,138.7,30.85,4278.89
420,55,4,2024-09-23,Doodads,49.07,13.43,659.01
421,80,1,2024-04-22,Doodads,64.27,14.13,908.14
422,95,2,2024-04-19,Thingamajigs,74.5,21.47,1599.52
423,75,2,2024-04-14,Whatchamacallits,94.44,29.92,2825.64
424,16,4,2024-09-14,Widgets,86.13,26.93,2319.48
425,8,1,2024-03-12,Gadgets,173.44,45.29,7855.1
426,4,2,2024-04-13,Doodads,45.89,11.14,511.21
427,4,1,2024-06-19,Gadgets,146.35,42.99,6291.59
428,56,1,2024-03-10,Widgets,95.5,25.71,2455.31
429,25,1,2024-03-12,Gadgets,178.56,42.15,7526.3
430,67,5,2024-11-05,Widgets,124.39,25.41,3160.75
431,96,1,2024-03-02,Thingamajigs,113.28,18.47,2092.28
432,67,5,2024-12-30,Doodads,47.61,12.2,580.84
433,27,4,2024-10-22,Widgets,104.43,26.24,2740.24
434,93,2,2024-08-16,Gadgets,127.25,42.24,5375.04
435,32,2,2024-05-04,Doodads,72.15,15.27,1101.73
436,50,2,2024-05-09,Thingamajigs,62.48,18.22,1138.39
437,61,2,2024-11-27,Doodads,53.25,15.34,816.86
438,51,2,2024-02-15,Widgets,83.54,27.08,2262.26
439,19,2,2024-01-02,Thingamajigs,71.17,21.7,1544.39
440,21,2,2024-09-11,Gadgets,137.44,45.77,6290.63
441,5,4,2024-10-21,Thingamajigs,70.88,18.39,1303.48
442,82,1,2024-07-02,Thingamajigs,71.91,17.2,1236.85
443,92,3,2024-04-27,Whatchamacallits,111.78,33.43,3736.81
444,42,5,2024-09-30,Thingamajigs,92.5,21.68,2005.4
445,61,3,2024-03-13,Thingamajigs,63.43,21.89,1388.48
446,22,3,2024-03-19,Doodads,53.31,10.09,537.9
447,21,1,2024-08-27,Gadgets,168.27,45.87,7718.54
448,70,1,2024-09-07,Doodads,42.3,14.3,604.89
449,1,1,2024-11-05,Doodads,39.23,11.58,454.28
450,5,2,2024-06-11,Widgets,96.54,25.31,2443.43
451,12,4,2024-05-14,Doodads,67.7,10.77,729.13
452,90,2,2024-01-31,Whatchamacallits,122.91,31.44,3864.29
453,46,4,2024-07-05,Whatchamacallits,112.03,30.95,3467.33
454,34,4,2024-03-09,Widgets,107.26,25.2,2702.95
455,49,3,2024-10-21,Gadgets,133.47,47.1,6286.44
456,78,3,2024-07-03,Gadgets,160.22,45.23,7246.75
457,90,4,2024-03-03,Doodads,56.13,12.28,689.28
458,45,4,2024-12-03,Doodads,45.38,13.98,634.41
459,27,2,2024-04-23,Doodads,37.42,13.74,514.15
460,73,2,2024-05-31,Gadgets,136.7,46.86,6405.76
461,26,3,2024-11-21,Thingamajigs,88.02,20.09,1768.32
462,47,1,2024-01-31,Whatchamacallits,138.43,34.75,4810.44
463,86,4,2024-06-04,Thingamajigs,70.44,17.72,1248.2
464,56,2,2024-09-29,Thingamajigs,86.88,19.74,1715.01
465,94,3,2024-08-28,Gadgets,118.69,42.74,5072.81
466,63,2,2024-11-03,Thingamajigs,71.23,17.86,1272.17
467,48,4,2024-03-24,Widgets,99.53,25.64,2551.95
468,61,4,2024-08-16,Doodads,36.35,14.92,542.34
469,81,5,2024-01-12,Widgets,85.95,28.02,2408.32
470,26,1,2024-08-25,Whatchamacallits,109.98,33.49,3683.23
471,36,5,2024-10-28,Doodads,54.38,11.81,642.23
472,1,3,2024-12-16,Thingamajigs,77.19,19.27,1487.45
473,8,2,2024-06-03,Whatchamacallits,86.43,31.91,2757.98
474,99,3,2024-05-02,Doodads,18.19,13.93,253.39
475,52,4,2024-07-27,Thingamajigs,70.9,15.85,1123.77
476,79,5,2024-08-18,Widgets,106.87,25.04,2676.02
477,47,5,2024-05-18,Doodads,10.0,13.44,134.4
478,56,5,2024-07-21,Thingamajigs,72.5,20.12,1458.7
479,86,3,2024-07-07,Widgets,92.11,23.28,2144.32
480,14,4,2024-04-20,Whatchamacallits,140.83,31.48,4433.33
481,90,2,2024-03-02,Whatchamacallits,114.22,31.78,3629.91
482,28,2,2024-05-22,Whatchamacallits,125.74,31.64,3978.41
483,87,3,2024-12-30,Whatchamacallits,122.12,31.39,3833.35
484,78,5,2024-03-21,Gadgets,118.04,46.03,5433.38
485,88,1,2024-07-04,Doodads,61.52,12.17,748.7
486,2,3,2024-10-31,Doodads,53.23,10.96,583.4
487,26,3,2024-10-27,Gadgets,157.62,46.16,7275.74
488,14,4,2024-05-10,Thingamajigs,138.89,19.98,2775.02
489,59,2,2024-01-22,Thingamajigs,48.74,19.27,939.22
490,56,3,2024-02-09,Whatchamacallits,145.87,33.35,4864.76
491,7,3,2024-08-15,Widgets,95.69,23.5,2248.72
492,3,5,2024-12-09,Thingamajigs,84.31,19.95,1681.98
493,23,5,2024-12-15,Widgets,99.32,25.06,2488.96
494,18,1,2024-01-19,Doodads,43.64,13.34,582.16
495,38,4,2024-03-26,Widgets,91.45,28.04,2564.26
496,99,1,2024-10-17,Doodads,54.94,12.81,703.78
497,15,5,2024-12-29,Gadgets,127.24,46.97,5976.46
498,64,2,2024-09-21,Gadgets,161.26,41.21,6645.52
499,89,5,2024-07-28,Whatchamacallits,113.76,31.55,3589.13
500,28,4,2024-05-17,Thingamajigs,63.05,17.07,1076.26
501,74,5,2024-05-30,Whatchamacallits,113.25,30.41,3443.93
502,39,4,2024-09-13,Doodads,68.86,11.16,768.48
503,57,4,2024-09-16,Whatchamacallits,111.97,30.55,3420.68
504,17,4,2024-08-17,Widgets,105.38,28.3,2982.25
505,86,4,2024-11-13,Doodads,39.04,13.75,536.8
506,90,4,2024-05-09,Gadgets,161.37,43.45,7011.53
507,44,2,2024-03-03,Thingamajigs,90.28,17.38,1569.07
508,25,1,2024-06-24,Doodads,77.73,11.6,901.67
509,17,3,2024-10-03,Doodads,47.37,13.95,660.81
510,13,1,2024-03-22,Widgets,110.03,25.89,2848.68
511,84,4,2024-06-21,Thingamajigs,81.47,20.03,1631.84
512,25,2,2024-11-04,Gadgets,169.44,40.86,6923.32
513,68,5,2024-05-29,Doodads,39.22,13.14,515.35
514,10,2,2024-12-14,Doodads,61.18,12.91,789.83
515,67,4,2024-08-15,Widgets,97.08,24.68,2395.93
516,18,2,2024-10-17,Whatchamacallits,119.04,32.06,3816.42
517,100,2,2024-02-07,Gadgets,151.38,42.03,6362.5
518,86,4,2024-10-30,Thingamajigs,83.78,18.77,1572.55
519,34,2,2024-12-29,Doodads,48.26,13.96,673.71
520,8,3,2024-04-17,Doodads,53.22,13.11,697.71
521,40,3,2024-09-26,Gadgets,173.67,39.49,6858.23
522,83,2,2024-05-12,Whatchamacallits,134.78,28.86,3889.75
523,42,5,2024-01-17,Doodads,63.04,14.8,932.99
524,41,4,2024-09-21,Gadgets,143.17,49.93,7148.48
525,6,3,2024-09-13,Widgets,86.66,26.75,2318.15
526,52,5,2024-09-29,Whatchamacallits,134.33,30.25,4063.48
527,26,2,2024-09-11,Thingamajigs,93.14,20.01,1863.73
528,64,5,2024-05-06,Doodads,72.09,12.25,883.1
529,98,1,2024-01-05,Gadgets,140.94,45.79,6453.64
530,59,3,2024-11-16,Widgets,96.56,22.5,2172.6
531,56,2,2024-12-16,Thingamajigs,55.41,19.23,1065.53
532,59,4,2024-05-08,Gadgets,144.11,40.93,5898.42
533,70,2,2024-10-13,Gadgets,164.95,50.95,8404.2
534,33,4,2024-10-25,Thingamajigs,73.0,18.37,1341.01
535,53,2,2024-06-30,Widgets,109.61,24.79,2717.23
536,22,5,2024-11-29,Widgets,97.14,20.01,1943.77
537,21,5,2024-03-15,Whatchamacallits,124.86,32.61,4071.68
538,70,5,2024-08-01,Doodads,32.78,15.36,503.5
539,70,1,2024-12-28,Thingamajigs,81.28,22.21,1805.23
540,4,4,2024-03-01,Thingamajigs,35.13,19.27,676.96
541,94,5,2024-06-06,Thingamajigs,77.2,18.51,1428.97
542,75,1,2024-09-28,Widgets,75.54,22.82,1723.82
543,62,4,2024-04-08,Doodads,68.09,13.46,916.49
544,62,2,2024-08-02,Whatchamacallits,131.66,31.52,4149.92
545,94,1,2024-09-11,Gadgets,157.0,46.02,7225.14
546,95,3,2024-04-15,Gadgets,172.82,49.55,8563.23
547,24,1,2024-01-04,Thingamajigs,65.77,18.45,1213.46
548,55,1,2024-03-18,Doodads,76.21,12.33,939.67
549,9,4,2024-12-13,Widgets,113.98,27.31,3112.79
550,3,2,2024-06-14,Doodads,46.45,12.81,595.02
551,31,3,2024-06-17,Doodads,67.03,14.15,948.47
552,40,5,2024-03-08,Widgets,83.41,23.43,1954.3
553,36,5,2024-10-25,Thingamajigs,67.63,19.29,1304.58
554,24,1,2024-08-01,Doodads,40.87,14.58,595.88
555,95,4,2024-12-07,Gadgets,142.07,49.03,6965.69
556,6,4,2024-04-24,Widgets,84.15,26.63,2240.91
557,66,5,2024-06-27,Whatchamacallits,138.35,28.53,3947.13
558,84,3,2024-03-22,Thingamajigs,76.12,19.44,1479.77
559,92,2,2024-07-08,Widgets,105.29,27.47,2892.32
560,75,3,2024-12-05,Whatchamacallits,111.44,28.24,3147.07
561,4,2,2024-06-28,Whatchamacallits,92.69,33.42,3097.7
562,79,5,2024-10-11,Doodads,54.05,14.26,770.75
563,6,2,2024-08-03,Doodads,21.32,12.53,267.14
564,94,4,2024-08-03,Doodads,48.97,11.42,559.24
565,51,1,2024-07-18,Widgets,79.48,26.6,2114.17
566,62,1,2024-11-03,Widgets,129.81,25.97,3371.17
567,57,5,2024-01-23,Thingamajigs,93.67,19.53,1829.38
568,66,4,2024-03-06,Doodads,51.59,11.85,611.34
569,79,3,2024-05-26,Whatchamacallits,138.96,32.92,4574.56
570,75,4,2024-09-23,Gadgets,137.31,43.62,5989.46
571,8,1,2024-12-24,Thingamajigs,88.15,19.54,1722.45
572,26,1,2024-10-10,Widgets,103.0,25.55,2631.65
573,51,4,2024-09-28,Thingamajigs,83.96,21.05,1767.36
574,45,4,2024-03-26,Thingamajigs,99.09,23.7,2348.43
575,44,1,2024-02-23,Thingamajigs,90.99,22.03,2004.51
576,5,3,2024-05-03,Thingamajigs,84.33,17.42,1469.03
577,70,5,2024-10-17,Gadgets,125.18,50.82,6361.65
578,26,5,2024-08-31,Doodads,35.6,11.22,399.43
579,68,4,2024-06-07,Whatchamacallits,118.16,28.77,3399.46
580,19,5,2024-09-04,Thingamajigs,81.4,20.06,1632.88
581,84,1,2024-08-13,Thingamajigs,63.05,21.0,1324.05
582,97,1,2024-05-10,Thingamajigs,116.18,17.43,2025.02
583,20,4,2024-04-01,Doodads,72.75,11.18,813.34
584,12,4,2024-08-25,Widgets,109.03,22.51,2454.27
585,47,4,2024-07-31,Widgets,101.08,25.02,2529.02
586,1,3,2024-03-09,Gadgets,146.82,46.16,6777.21
587,90,5,2024-08-04,Widgets,85.72,23.24,1992.13
588,14,4,2024-05-29,Thingamajigs,81.16,19.01,1542.85
589,64,2,2024-10-06,Thingamajigs,83.87,15.72,1318.44
590,38,2,2024-12-07,Thingamajigs,61.37,19.46,1194.26
591,37,1,2024-12-04,Gadgets,155.01,48.68,7545.89
592,11,5,2024-04-14,Thingamajigs,77.67,19.18,1489.71
593,100,4,2024-10-03,Widgets,71.38,23.31,1663.87
594,77,2,2024-08-29,Doodads,37.09,12.61,467.7
595,3,5,2024-11-09,Doodads,43.8,13.07,572.47
596,33,1,2024-01-13,Whatchamacallits,148.32,29.04,4307.21
597,6,3,2024-02-19,Widgets,108.35,24.49,2653.49
598,50,5,2024-06-23,Thingamajigs,59.97,20.18,1210.19
599,10,5,2024-03-19,Doodads,57.29,9.98,571.75
600,5,3,2024-06-24,Widgets,76.79,24.09,1849.87
601,23,5,2024-12-14,Doodads,66.24,12.32,816.08
602,10,1,2024-03-17,Thingamajigs,72.93,19.66,1433.8
603,44,1,2024-01-19,Doodads,48.6,12.61,612.85
604,2,3,2024-06-24,Whatchamacallits,139.89,30.76,4303.02
605,13,4,2024-10-26,Whatchamacallits,100.69,30.69,3090.18
606,40,2,2024-07-07,Doodads,29.04,11.82,343.25
607,2,4,2024-07-22,Widgets,91.25,25.65,2340.56
608,84,5,2024-04-27,Widgets,115.58,24.86,2873.32
609,65,2,2024-07-26,Widgets,77.21,24.49,1890.87
610,63,3,2024-10-06,Doodads,10.0,13.59,135.9
611,73,3,2024-01-12,Widgets,93.23,25.31,2359.65
612,17,2,2024-07-21,Thingamajigs,88.28,20.97,1851.23
613,9,1,2024-10-23,Whatchamacallits,138.0,36.42,5025.96
614,75,2,2024-07-11,Thingamajigs,73.05,16.65,1216.28
615,15,5,2024-04-14,Widgets,93.83,24.07,2258.49
616,24,1,2024-03-29,Thingamajigs,97.31,19.81,1927.71
617,38,3,2024-04-15,Widgets,71.95,25.69,1848.4
618,35,2,2024-08-25,Doodads,44.17,12.95,572.0
619,94,4,2024-06-07,Thingamajigs,82.86,18.01,1492.31
620,95,4,2024-06-15,Doodads,56.74,13.74,779.61
621,49,5,2024-03-02,Doodads,42.35,15.06,637.79
622,69,4,2024-11-01,Gadgets,150.52,46.67,7024.77
623,62,2,2024-09-12,Widgets,62.68,26.74,1676.06
624,60,2,2024-03-25,Whatchamacallits,110.13,31.6,3480.11
625,50,4,2024-06-22,Widgets,106.8,24.97,2666.8
626,78,2,2024-01-21,Whatchamacallits,105.27,29.62,3118.1
627,75,5,2024-12-10,Widgets,100.88,23.29,2349.5
628,9,1,2024-02-10,Doodads,56.7,14.66,831.22
629,34,5,2024-04-07,Thingamajigs,74.86,20.01,1497.95
630,76,5,2024-10-06,Thingamajigs,82.56,19.13,1579.37
631,99,2,2024-02-23,Gadgets,135.56,48.1,6520.44
632,35,1,2024-10-26,Whatchamacallits,116.9,32.49,3798.08
633,1,2,2024-02-17,Whatchamacallits,129.15,32.64,4215.46
634,40,3,2024-07-04,Whatchamacallits,122.35,29.82,3648.48
635,64,2,2024-03-02,Doodads,41.2,10.25,422.3
636,22,2,2024-06-07,Whatchamacallits,123.36,28.3,3491.09
637,60,2,2024-03-14,Thingamajigs,90.72,20.74,1881.53
638,64,1,2024-01-21,Doodads,19.25,11.45,220.41
639,93,2,2024-06-21,Widgets,117.39,25.24,2962.92
640,72,1,2024-09-21,Whatchamacallits,114.96,31.76,3651.13
641,11,4,2024-02-26,Whatchamacallits,126.38,31.26,3950.64
642,14,3,2024-04-14,Widgets,117.96,25.7,3031.57
643,60,1,2024-04-06,Whatchamacallits,99.42,32.27,3208.28
644,30,4,2024-05-04,Widgets,89.36,25.65,2292.08
645,35,1,2024-09-24,Doodads,45.67,13.73,627.05
646,85,1,2024-09-20,Thingamajigs,68.24,18.37,1253.57
647,37,3,2024-12-10,Widgets,126.02,25.86,3258.88
648,5,5,2024-05-21,Gadgets,137.15,43.47,5961.91
649,83,5,2024-10-28,Widgets,91.67,24.41,2237.66
650,78,1,2024-09-23,Whatchamacallits,123.07,32.91,4050.23
651,26,2,2024-09-27,Doodads,31.97,14.26,455.89
652,62,4,2024-03-18,Doodads,44.06,12.7,559.56
653,4,2,2024-03-07,Widgets,104.76,25.87,2710.14
654,89,2,2024-09-15,Thingamajigs,75.01,18.41,1380.93
655,42,1,2024-09-20,Gadgets,148.6,48.49,7205.61
656,89,1,2024-11-16,Doodads,42.06,12.41,521.96
657,18,1,2024-11-25,Whatchamacallits,97.28,32.68,3179.11
658,40,1,2024-06-19,Whatchamacallits,124.82,28.42,3547.38
659,72,5,2024-01-03,Thingamajigs,106.32,17.56,1866.98
660,39,1,2024-06-21,Doodads,50.28,12.19,612.91
661,14,5,2024-03-18,Widgets,103.38,24.12,2493.53
662,32,5,2024-07-15,Whatchamacallits,130.39,36.79,4797.05
663,51,1,2024-06-09,Thingamajigs,60.96,20.26,1235.05
664,38,3,2024-02-12,Doodads,75.54,12.48,942.74
665,97,4,2024-09-04,Doodads,53.03,10.6,562.12
666,23,2,2024-11-19,Doodads,74.48,12.67,943.66
667,63,5,2024-11-03,Doodads,39.0,12.44,485.16
668,15,4,2024-06-12,Doodads,77.27,13.07,1009.92
669,97,3,2024-08-11,Whatchamacallits,131.63,29.97,3944.95
670,25,2,2024-12-10,Thingamajigs,88.3,15.53,1371.3
671,17,2,2024-12-07,Doodads,53.51,13.65,730.41
672,97,5,2024-06-06,Gadgets,146.27,42.17,6168.21
673,66,1,2024-03-05,Gadgets,168.01,41.43,6960.65
674,78,3,2024-11-03,Thingamajigs,82.11,18.78,1542.03
675,53,5,2024-11-15,Widgets,70.49,27.07,1908.16
676,51,3,2024-02-08,Widgets,83.24,24.34,2026.06
677,39,1,2024-07-21,Widgets,97.21,25.1,2439.97
678,51,1,2024-01-10,Gadgets,154.65,45.71,7069.05
679,70,5,2024-10-31,Widgets,99.15,29.76,2950.7
680,6,1,2024-01-24,Whatchamacallits,138.28,32.4,4480.27
681,67,4,2024-09-30,Doodads,20.73,13.65,282.96
682,7,2,2024-02-21,Gadgets,152.15,39.99,6084.48
683,51,5,2024-11-04,Thingamajigs,52.73,18.59,980.25
684,72,3,2024-08-10,Thingamajigs,91.4,18.79,1717.41
685,42,4,2024-06-05,Doodads,48.58,14.01,680.61
686,64,5,2024-01-02,Gadgets,156.29,41.75,6525.11
687,15,1,2024-02-13,Widgets,87.04,27.15,2363.14
688,29,1,2024-04-27,Widgets,119.19,24.18,2882.01
689,33,1,2024-01-02,Whatchamacallits,135.63,29.16,3954.97
690,94,1,2024-11-11,Whatchamacallits,128.75,30.72,3955.2
691,27,3,2024-03-01,Widgets,98.06,26.72,2620.16
692,36,4,2024-02-18,Thingamajigs,88.7,20.09,1781.98
693,29,2,2024-06-15,Thingamajigs,69.4,17.41,1208.25
694,38,3,2024-03-06,Whatchamacallits,132.83,32.18,4274.47
695,57,3,2024-11-10,Doodads,74.74,14.14,1056.82
696,97,2,2024-02-29,Widgets,116.06,25.16,2920.07
697,27,2,2024-05-22,Whatchamacallits,109.06,33.5,3653.51
698,55,1,2024-02-08,Whatchamacallits,125.42,32.61,4089.95
699,33,3,2024-01-01,Widgets,80.6,22.56,1818.34
700,68,5,2024-08-11,Widgets,108.59,23.93,2598.56
701,86,2,2024-05-04,Thingamajigs,86.76,18.91,1640.63
702,66,2,2024-11-26,Doodads,21.95,11.89,260.99
703,10,4,2024-12-08,Doodads,32.57,13.83,450.44
704,5,5,2024-05-19,Widgets,95.75,23.94,2292.26
705,74,5,2024-08-05,Gadgets,145.49,43.31,6301.17
706,97,2,2024-08-03,Whatchamacallits,101.86,28.81,2934.59
707,38,1,2024-09-17,Whatchamacallits,125.83,34.59,4352.46
708,13,4,2024-01-23,Widgets,103.77,24.97,2591.14
709,31,5,2024-12-30,Gadgets,147.09,45.36,6672.0
710,47,2,2024-04-23,Thingamajigs,68.66,18.36,1260.6
711,100,5,2024-12-17,Widgets,115.73,23.72,2745.12
712,88,4,2024-07-10,Widgets,124.83,24.89,3107.02
713,52,4,2024-03-14,Whatchamacallits,112.75,28.88,3256.22
714,56,3,2024-09-06,Widgets,90.82,25.97,2358.6
715,15,2,2024-05-18,Widgets,107.37,26.88,2886.11
716,29,4,2024-06-28,Widgets,94.63,25.42,2405.49
717,8,3,2024-10-20,Whatchamacallits,117.91,31.92,3763.69
718,5,3,2024-09-25,Thingamajigs,91.09,17.44,1588.61
719,29,5,2024-10-02,Thingamajigs,51.36,18.03,926.02
720,47,5,2024-09-13,Widgets,119.77,28.8,3449.38
721,68,3,2024-12-03,Whatchamacallits,121.09,27.48,3327.55
722,76,5,2024-01-01,Thingamajigs,73.83,21.01,1551.17
723,45,4,2024-04-03,Thingamajigs,78.66,21.81,1715.57
724,2,1,2024-08-20,Thingamajigs,79.44,19.3,1533.19
725,27,4,2024-03-03,Whatchamacallits,94.03,34.63,3256.26
726,95,3,2024-02-07,Whatchamacallits,142.42,36.26,5164.15
727,36,3,2024-01-13,Widgets,100.62,26.58,2674.48
728,36,4,2024-10-28,Doodads,56.65,12.96,734.18
729,26,5,2024-09-26,Thingamajigs,94.27,19.89,1875.03
730,43,5,2024-09-04,Doodads,34.68,13.12,455.0
731,27,3,2024-10-01,Whatchamacallits,127.1,34.45,4378.6
732,69,2,2024-03-24,Whatchamacallits,115.99,32.77,3800.99
733,20,5,2024-05-19,Whatchamacallits,132.7,32.78,4349.91
734,11,4,2024-07-31,Doodads,18.09,14.18,256.52
735,74,5,2024-10-15,Whatchamacallits,118.51,30.21,3580.19
736,38,4,2024-04-05,Widgets,90.96,26.68,2426.81
737,6,3,2024-01-18,Whatchamacallits,126.48,30.81,3896.85
738,72,5,2024-07-05,Gadgets,157.05,37.9,5952.2
739,23,4,2024-02-21,Doodads,39.39,13.2,519.95
740,47,3,2024-06-23,Gadgets,139.32,47.16,6570.33
741,90,2,2024-04-09,Whatchamacallits,118.34,31.12,3682.74
742,46,4,2024-12-29,Widgets,86.55,25.36,2194.91
743,12,2,2024-01-25,Thingamajigs,92.63,17.17,1590.46
744,90,2,2024-03-27,Whatchamacallits,114.46,32.77,3750.85
745,13,1,2024-07-30,Widgets,56.4,25.43,1434.25
746,62,5,2024-08-20,Doodads,44.38,12.19,540.99
747,82,4,2024-05-07,Gadgets,134.42,44.46,5976.31
748,89,2,2024-06-18,Gadgets,125.53,42.1,5284.81
749,97,1,2024-08-21,Gadgets,131.44,43.0,5651.92
750,60,3,2024-02-27,Doodads,51.64,12.73,657.38
751,43,4,2024-08-24,Widgets,119.93,24.92,2988.66
752,76,2,2024-10-09,Doodads,54.7,12.98,710.01
753,100,5,2024-01-17,Gadgets,140.9,42.31,5961.48
754,68,1,2024-01-21,Whatchamacallits,126.84,28.69,3639.04
755,5,2,2024-09-27,Thingamajigs,73.11,18.27,1335.72
756,37,5,2024-07-09,Doodads,39.58,11.6,459.13
757,72,2,2024-11-03,Doodads,32.68,11.15,364.38
758,92,4,2024-09-07,Widgets,73.72,27.95,2060.47
759,31,4,2024-06-10,Widgets,94.15,25.76,2425.3
760,9,4,2024-06-17,Doodads,52.37,13.45,704.38
761,51,1,2024-12-23,Gadgets,148.55,46.92,6969.97
762,29,4,2024-04-07,Thingamajigs,73.76,18.2,1342.43
763,78,5,2024-10-07,Widgets,85.81,24.43,2096.34
764,40,2,2024-06-09,Gadgets,159.12,40.51,6445.95
765,41,3,2024-12-09,Whatchamacallits,100.24,34.09,3417.18
766,86,5,2024-06-19,Widgets,111.64,24.51,2736.3
767,11,5,2024-06-16,Gadgets,134.97,43.73,5902.24
768,23,4,2024-09-20,Gadgets,138.71,45.33,6287.72
769,1,1,2024-04-26,Thingamajigs,58.0,19.45,1128.1
770,46,2,2024-07-12,Thingamajigs,72.48,19.15,1387.99
771,21,1,2024-12-21,Whatchamacallits,134.63,34.84,4690.51
772,90,2,2024-06-22,Gadgets,157.73,43.95,6932.23
773,36,2,2024-09-02,Gadgets,164.68,46.99,7738.31
774,54,1,2024-02-29,Thingamajigs,87.83,19.16,1682.82
775,87,5,2024-09-25,Widgets,83.44,23.71,1978.36
776,57,2,2024-02-17,Widgets,95.04,24.99,2375.05
777,1,1,2024-12-28,Doodads,38.3,12.5,478.75
778,63,2,2024-10-27,Thingamajigs,99.96,19.69,1968.21
779,54,3,2024-09-23,Doodads,32.05,15.46,495.49
780,55,5,2024-02-23,Thingamajigs,93.41,18.7,1746.77
781,40,4,2024-01-11,Whatchamacallits,133.39,28.63,3818.96
782,15,2,2024-04-14,Gadgets,177.44,45.3,8038.03
783,21,3,2024-07-01,Whatchamacallits,113.85,33.42,3804.87
784,47,4,2024-06-09,Thingamajigs,90.68,20.51,1859.85
785,73,4,2024-06-23,Gadgets,184.22,46.49,8564.39
786,53,2,2024-12-23,Widgets,90.74,22.96,2083.39
787,9,1,2024-05-17,Widgets,76.97,25.01,1925.02
788,74,2,2024-04-04,Doodads,21.8,11.43,249.17
789,52,3,2024-01-26,Thingamajigs,90.69,18.79,1704.07
790,57,4,2024-06-17,Thingamajigs,51.75,17.61,911.32
791,26,2,2024-08-10,Widgets,94.42,23.59,2227.37
792,41,1,2024-02-08,Whatchamacallits,126.56,35.15,4448.58
793,35,2,2024-11-26,Gadgets,152.78,46.69,7133.3
794,63,5,2024-12-10,Whatchamacallits,126.38,31.13,3934.21
795,25,1,2024-08-28,Whatchamacallits,123.33,28.24,3482.84
796,90,3,2024-12-18,Widgets,119.18,24.34,2900.84
797,75,4,2024-01-07,Widgets,85.72,24.21,2075.28
798,38,2,2024-04-30,Widgets,89.85,25.74,2312.74
799,2,1,2024-11-30,Doodads,38.41,13.36,513.16
800,7,5,2024-04-25,Whatchamacallits,132.45,25.98,3441.05
801,82,1,2024-02-12,Thingamajigs,93.51,17.77,1661.67
802,91,5,2024-02-01,Gadgets,156.77,44.46,6969.99
803,34,3,2024-04-28,Doodads,67.75,12.74,863.14
804,91,4,2024-09-06,Thingamajigs,62.33,19.0,1184.27
805,17,3,2024-03-17,Whatchamacallits,145.01,35.9,5205.86
806,43,2,2024-03-20,Widgets,122.85,23.71,2912.77
807,59,1,2024-05-02,Whatchamacallits,131.03,29.83,3908.62
808,51,5,2024-02-23,Gadgets,176.73,46.5,8217.94
809,54,5,2024-04-07,Doodads,25.15,14.97,376.5
810,24,1,2024-02-23,Doodads,42.13,12.2,513.99
811,25,1,2024-09-04,Gadgets,138.97,41.24,5731.12
812,71,2,2024-03-24,Thingamajigs,90.82,17.1,1553.02
813,52,3,2024-10-18,Thingamajigs,64.25,15.3,983.03
814,70,5,2024-12-09,Doodads,61.36,15.29,938.19
815,88,2,2024-01-25,Doodads,70.56,12.96,914.46
816,33,3,2024-12-13,Widgets,110.43,24.03,2653.63
817,49,2,2024-10-07,Thingamajigs,84.26,18.82,1585.77
818,29,5,2024-03-29,Gadgets,135.18,44.64,6034.44
819,63,1,2024-05-01,Thingamajigs,67.3,21.2,1426.76
820,22,1,2024-07-21,Widgets,118.74,22.82,2709.65
821,26,3,2024-12-28,Doodads,61.69,13.58,837.75
822,28,4,2024-10-01,Doodads,49.41,12.32,608.73
823,85,3,2024-10-22,Widgets,93.73,22.66,2123.92
824,49,4,2024-12-03,Gadgets,119.61,48.47,5797.5
825,71,2,2024-11-27,Doodads,33.94,11.99,406.94
826,81,2,2024-09-03,Whatchamacallits,148.67,34.34,5105.33
827,84,5,2024-08-07,Doodads,30.79,11.16,343.62
828,49,4,2024-01-04,Whatchamacallits,122.84,32.47,3988.61
829,20,5,2024-01-17,Widgets,115.11,27.17,3127.54
830,86,1,2024-03-17,Widgets,81.18,25.13,2040.05
831,92,4,2024-01-22,Doodads,52.77,15.03,793.13
832,63,3,2024-03-28,Thingamajigs,94.07,19.26,1811.79
833,61,1,2024-02-15,Whatchamacallits,120.19,32.48,3903.77
834,49,1,2024-06-01,Gadgets,193.03,48.0,9265.44
835,71,3,2024-12-23,Doodads,24.97,12.01,299.89
836,1,1,2024-06-28,Gadgets,165.88,46.11,7648.73
837,96,4,2024-02-03,Doodads,47.41,12.99,615.86
838,13,5,2024-01-29,Thingamajigs,91.58,17.46,1598.99
839,94,1,2024-11-20,Thingamajigs,86.62,18.95,1641.45
840,87,4,2024-03-15,Thingamajigs,69.0,20.62,1422.78
841,51,2,2024-12-30,Thingamajigs,83.43,20.18,1683.62
842,56,4,2024-01-09,Widgets,72.13,26.05,1878.99
843,83,5,2024-07-06,Widgets,109.05,24.03,2620.47
844,62,4,2024-01-30,Whatchamacallits,124.47,32.56,4052.74
845,32,3,2024-08-01,Gadgets,159.58,50.24,8017.3
846,30,5,2024-03-27,Doodads,65.87,11.64,766.73
847,29,2,2024-02-24,Doodads,55.51,12.84,712.75
848,49,3,2024-08-18,Widgets,102.22,27.96,2858.07
849,45,4,2024-06-01,Doodads,36.78,13.87,510.14
850,93,5,2024-05-31,Widgets,89.32,25.96,2318.75
851,30,2,2024-10-30,Whatchamacallits,137.8,31.75,4375.15
852,16,3,2024-03-24,Gadgets,171.55,47.17,8092.01
853,40,2,2024-08-26,Whatchamacallits,116.43,30.05,3498.72
854,19,4,2024-08-26,Thingamajigs,80.69,20.32,1639.62
855,18,2,2024-07-25,Thingamajigs,66.43,20.96,1392.37
856,1,1,2024-10-10,Thingamajigs,97.59,19.17,1870.8
857,78,3,2024-06-11,Whatchamacallits,129.98,32.4,4211.35
858,47,2,2024-03-05,Doodads,79.12,13.99,1106.89
859,66,4,2024-01-29,Gadgets,136.83,41.08,5620.98
860,92,4,2024-06-04,Thingamajigs,74.33,18.37,1365.44
861,94,2,2024-06-21,Thingamajigs,83.47,17.67,1474.91
862,38,4,2024-10-16,Thingamajigs,89.7,20.71,1857.69
863,51,5,2024-12-21,Gadgets,146.76,45.81,6723.08
864,63,5,2024-10-21,Thingamajigs,66.91,18.81,1258.58
865,4,5,2024-01-09,Gadgets,163.22,42.6,6953.17
866,1,1,2024-11-29,Thingamajigs,90.82,18.38,1669.27
867,8,2,2024-08-03,Whatchamacallits,106.26,29.59,3144.23
868,29,1,2024-10-21,Whatchamacallits,140.33,31.41,4407.77
869,55,4,2024-07-22,Gadgets,167.55,44.71,7491.16
870,3,1,2024-02-20,Whatchamacallits,122.01,31.66,3862.84
871,32,4,2024-09-19,Gadgets,151.19,49.96,7553.45
872,10,4,2024-09-10,Whatchamacallits,128.31,32.08,4116.18
873,74,3,2024-01-02,Whatchamacallits,107.07,31.92,3417.67
874,83,5,2024-02-18,Gadgets,150.45,38.65,5814.89
875,34,4,2024-07-20,Doodads,17.71,14.15,250.6
876,97,3,2024-07-29,Whatchamacallits,133.15,31.31,4168.93
877,87,5,2024-07-13,Thingamajigs,56.58,17.64,998.07
878,55,4,2024-02-11,Doodads,72.55,13.15,954.03
879,92,4,2024-03-16,Gadgets,145.05,47.07,6827.5
880,32,1,2024-01-29,Doodads,46.82,14.48,677.95
881,50,1,2024-01-24,Widgets,90.58,27.63,2502.73
882,7,5,2024-01-19,Widgets,95.68,23.68,2265.7
883,93,4,2024-10-05,Whatchamacallits,141.28,31.18,4405.11
884,8,2,2024-03-12,Whatchamacallits,82.68,31.18,2577.96
885,65,1,2024-12-10,Thingamajigs,99.15,17.24,1709.35
886,57,5,2024-08-21,Doodads,55.07,12.58,692.78
887,67,4,2024-09-22,Widgets,81.89,26.24,2148.79
888,88,4,2024-05-28,Whatchamacallits,103.87,30.89,3208.54
889,87,2,2024-08-03,Doodads,75.15,11.22,843.18
890,59,5,2024-09-21,Whatchamacallits,105.82,29.91,3165.08
891,72,4,2024-04-16,Whatchamacallits,102.7,27.97,2872.52
892,54,1,2024-11-22,Widgets,117.06,25.43,2976.84
893,67,2,2024-09-03,Widgets,105.08,24.61,2586.02
894,51,5,2024-12-25,Whatchamacallits,105.93,31.45,3331.5
895,97,2,2024-04-08,Gadgets,153.25,41.5,6359.88
896,92,1,2024-07-26,Whatchamacallits,104.61,34.65,3624.74
897,8,5,2024-11-13,Whatchamacallits,136.51,30.31,4137.62
898,34,2,2024-01-03,Thingamajigs,95.92,17.89,1716.01
899,35,3,2024-04-13,Thingamajigs,87.98,19.27,1695.37
900,96,1,2024-07-14,Thingamajigs,85.42,20.17,1722.92
901,88,1,2024-03-10,Gadgets,176.42,45.18,7970.66
902,78,1,2024-09-25,Gadgets,150.0,44.98,6747.0
903,32,3,2024-07-23,Whatchamacallits,102.27,35.78,3659.22
904,46,3,2024-09-20,Thingamajigs,86.74,17.09,1482.39
905,16,4,2024-10-21,Gadgets,181.29,48.55,8801.63
906,68,2,2024-02-12,Widgets,84.78,22.95,1945.7
907,37,4,2024-11-01,Whatchamacallits,114.58,33.19,3802.91
908,54,2,2024-05-28,Doodads,56.25,14.12,794.25
909,85,3,2024-10-29,Whatchamacallits,119.19,29.16,3475.58
910,14,3,2024-07-14,Doodads,35.27,13.78,486.02
911,95,4,2024-10-17,Thingamajigs,96.83,21.15,2047.95
912,55,5,2024-09-02,Doodads,84.8,12.61,1069.33
913,48,4,2024-05-04,Thingamajigs,82.94,19.77,1639.72
914,82,2,2024-08-01,Widgets,86.44,24.73,2137.66
915,7,4,2024-08-12,Doodads,26.77,12.76,341.59
916,74,1,2024-10-15,Whatchamacallits,123.87,28.75,3561.26
917,7,2,2024-06-02,Thingamajigs,96.56,16.54,1597.1
918,33,2,2024-09-22,Whatchamacallits,127.13,29.6,3763.05
919,23,5,2024-10-13,Gadgets,149.96,44.24,6634.23
920,85,3,2024-10-08,Thingamajigs,71.16,19.07,1357.02
921,19,2,2024-08-03,Doodads,33.62,15.44,519.09
922,19,3,2024-03-30,Thingamajigs,92.52,20.21,1869.83
923,36,4,2024-04-04,Whatchamacallits,133.71,34.04,4551.49
924,29,1,2024-04-23,Widgets,76.81,24.06,1848.05
925,60,5,2024-11-30,Thingamajigs,103.85,20.56,2135.16
926,82,3,2024-11-16,Doodads,58.61,12.62,739.66
927,2,2,2024-12-11,Gadgets,170.99,45.5,7780.04
928,1,3,2024-09-29,Widgets,79.87,25.3,2020.71
929,47,2,2024-02-25,Gadgets,129.51,45.59,5904.36
930,69,3,2024-06-28,Thingamajigs,77.77,20.16,1567.84
931,20,2,2024-12-10,Whatchamacallits,127.54,30.1,3838.95
932,11,4,2024-12-27,Whatchamacallits,146.95,31.05,4562.8
933,2,2,2024-12-04,Doodads,60.59,13.81,836.75
934,67,2,2024-07-01,Whatchamacallits,116.36,31.48,3663.01
935,87,1,2024-07-31,Widgets,84.6,26.51,2242.75
936,12,2,2024-07-18,Whatchamacallits,138.45,29.75,4118.89
937,20,1,2024-02-16,Doodads,35.53,12.21,433.82
938,5,5,2024-10-24,Thingamajigs,104.43,18.57,1939.27
939,37,1,2024-08-07,Thingamajigs,75.73,20.11,1522.93
940,38,4,2024-09-02,Whatchamacallits,143.86,31.38,4514.33
941,94,1,2024-05-23,Gadgets,160.18,42.9,6871.72
942,9,5,2024-07-06,Thingamajigs,77.95,19.99,1558.22
943,98,4,2024-04-25,Whatchamacallits,112.21,29.78,3341.61
944,53,3,2024-02-03,Doodads,44.89,12.74,571.9
945,44,3,2024-07-08,Whatchamacallits,126.42,31.21,3945.57
946,99,1,2024-07-01,Thingamajigs,81.16,18.95,1537.98
947,86,1,2024-09-05,Doodads,41.09,13.14,539.92
948,24,5,2024-08-26,Whatchamacallits,117.52,32.43,3811.17
949,81,5,2024-06-01,Widgets,101.18,27.3,2762.21
950,74,2,2024-01-27,Doodads,18.07,11.61,209.79
951,30,5,2024-03-18,Widgets,106.87,26.06,2785.03
952,59,2,2024-04-05,Gadgets,135.3,42.38,5734.01
953,87,4,2024-02-15,Doodads,32.7,12.59,411.69
954,96,1,2024-07-14,Widgets,74.69,25.1,1874.72
955,81,4,2024-04-29,Thingamajigs,53.09,20.58,1092.59
956,81,5,2024-09-13,Thingamajigs,59.67,21.5,1282.9
957,14,4,2024-02-10,Gadgets,139.36,43.7,6090.03
958,9,4,2024-06-23,Doodads,79.3,15.8,1252.94
959,40,4,2024-04-25,Doodads,42.11,11.09,467.0
960,66,5,2024-03-12,Doodads,52.67,11.69,615.71
961,25,4,2024-07-20,Gadgets,156.01,40.24,6277.84
962,73,2,2024-02-12,Doodads,51.97,13.14,682.89
963,22,5,2024-03-06,Thingamajigs,78.84,15.06,1187.33
964,4,4,2024-05-17,Widgets,82.07,24.57,2016.46
965,26,5,2024-07-21,Thingamajigs,101.76,18.86,1919.19
966,58,3,2024-12-13,Thingamajigs,107.11,18.57,1989.03
967,29,2,2024-07-04,Widgets,74.76,26.2,1958.71
968,98,4,2024-11-17,Thingamajigs,64.64,19.73,1275.35
969,87,3,2024-07-13,Gadgets,145.8,40.61,5920.94
970,37,3,2024-04-19,Widgets,85.53,28.92,2473.53
971,75,5,2024-02-27,Thingamajigs,87.59,18.37,1609.03
972,70,3,2024-11-17,Whatchamacallits,109.08,35.35,3855.98
973,18,2,2024-10-14,Thingamajigs,112.48,20.36,2290.09
974,85,2,2024-05-24,Gadgets,167.86,42.58,7147.48
975,42,1,2024-10-10,Doodads,53.19,13.46,715.94
976,100,2,2024-11-04,Thingamajigs,95.4,18.33,1748.68
977,41,3,2024-05-15,Doodads,66.59,13.22,880.32
978,38,2,2024-01-26,Whatchamacallits,111.54,32.56,3631.74
979,34,5,2024-04-23,Thingamajigs,67.76,18.81,1274.57
980,17,1,2024-06-13,Widgets,101.17,26.65,2696.18
981,37,3,2024-04-13,Doodads,62.92,13.59,855.08
982,25,1,2024-03-21,Whatchamacallits,122.09,29.81,3639.5
983,76,3,2024-11-27,Widgets,76.35,26.31,2008.77
984,87,5,2024-01-12,Widgets,87.96,25.38,2232.42
985,86,1,2024-09-19,Widgets,98.89,25.8,2551.36
986,85,4,2024-06-30,Widgets,98.87,23.7,2343.22
987,27,3,2024-10-30,Thingamajigs,109.59,20.98,2299.2
988,57,4,2024-10-17,Thingamajigs,59.21,17.82,1055.12
989,31,1,2024-01-21,Thingamajigs,87.58,18.64,1632.49
990,6,4,2024-02-04,Whatchamacallits,142.34,31.36,4463.78
991,91,4,2024-10-31,Whatchamacallits,154.07,33.64,5182.91
992,40,1,2024-01-25,Whatchamacallits,113.93,29.99,3416.76
993,98,5,2024-09-20,Gadgets,157.37,45.02,7084.8
994,12,4,2024-08-31,Whatchamacallits,128.55,29.8,3830.79
995,53,4,2024-11-17,Thingamajigs,82.93,18.16,1506.01
996,71,5,2024-11-02,Thingamajigs,78.52,19.25,1511.51
997,10,4,2024-01-04,Gadgets,156.54,44.27,6930.03
998,45,4,2024-11-19,Gadgets,112.02,52.31,5859.77
999,17,4,2024-03-29,Whatchamacallits,130.23,34.98,4555.45
1000,26,2,2024-02-20,Doodads,51.89,12.92,670.42
